schm_code_t,Schm_code,Schm_Desc (Product)
PDSC183,SBGEN,UTTAM BACHAT KHATA-GENERAL
PDSC531,SBSTF,SAVING STAFF
PDSC1442,SBGED,UTTAM BACHAT KHATA-GENERAL
PDSC1215,SBLTS,UTTAM BABU NANI BACHAT KHATA
PDSC1072,SBSVS,SAVING STAFF VEHICLE
PDSC1697,SD210,UTKRISTA BUNDLED SAHAJ BACHAT KHATA
PDSC155,SBPRL,UTTAM BACHAT KHATA-GENERAL
PDSC42,SBSHA,UTTAM SHAREHOLDER SAVING ACCOUNT
PDSC1749,SBKBK,UTTAM BACHAT KHATA-GENERAL
PDSC1087,SBNSB,UTTAM NARI BACHAT KHATA-SILVER
PDSC234,SBASL,UTTAM BACHAT KHATA-GENERAL
PDSC782,SBDBS,UTTAM BACHAT KHATA- SILVER
PDSC1505,ACCLS,ACCOUNT CLOSURE SCHEME
PDSC1314,SSPRL,KARMASHIL BACHAT KHATA
PDSC793,SBREM,UTTAM BAIDESHIK ROJGAR BACHAT KHATA
PDSC1768,STWFN,STAFF WELFARE  FUND
PDSC1316,NPPCL,PRE-PAID CARD DEPOSIT ACC
PDSC1454,SBLSV,LIFE SAVINGS ACCOUNT
PDSC916,NVPPC,PRE-PAID CARD DEPOSIT ACC
PDSC830,SBUSD,USD SUPER SAVING ACCOUNT
PDSC284,SBYSV,UTTAM YOUTH SAVING ACCOUNT
PDSC198,SD012,UTTAM BACHAT KHATA- SILVER
PDSC1368,SD001,STAFF SALARY A/C
PDSC1616,SD002,STAFF PROVIDENT FUND
PDSC1439,SD003,SAVING STAFF VEHICLE
PDSC1586,SD004,UTTAM BACHAT KHATA-GENERAL
PDSC541,SD005,UTTAM BACHAT KHATA-GENERAL
PDSC481,SD006,UTTAM NARI BACHAT KHATA-SILVER
PDSC906,SD007,UTTAM BABU NANI BACHAT KHATA
PDSC1728,SD008,UTTAM SHAREHOLDER SAVING ACCOUNT
PDSC411,SD009,UTTAM BAIDESHIK ROJGAR BACHAT KHATA
PDSC584,SD010,LIFE SAVINGS ACCOUNT
PDSC667,SD011,UTTAM BACHAT KHATA- SILVER
PDSC232,SD107, SUPER UTTAM BABU NANI BACHAT KHATA
PDSC1091,SD109, SUPER UTTAM BACHAT KHATA - GOLD
PDSC564,SD013,UTTAM YOUTH SAVING ACCOUNT
PDSC879,SD014,USD SUPER SAVING ACCOUNT
PDSC1609,SD091,UTTAM TALAB BACHAT KHATA
PDSC1411,SD019,SGD SAVINGS ACCOUNT
PDSC1817,SD020,UTTAM SHAREHOLDER SAVING ACCOUNT
PDSC702,SD021,UTTAM BACHAT KHATA- GOLD
PDSC231,SD087,UTTAM NARI BACHAT KHATA-DIAMOND
PDSC849,SD212,UTKRISTA BAIJANATH GAUNPALIKA BACHAT KHATA PRIDE
PDSC1701,SD767,SATHI BACHAT KHATA
PDSC1048,SD015,USD SAVINGS  ACCOUNT
PDSC1848,SD016,GBP SAVING ACCOUNT
PDSC30,SD017,EURO SAVINGS ACCOUNT
PDSC1095,BOND7,SAGARMATHA BOND 2077
PDSC1457,SD743,UTKRISTA SUNYA MAUJAT BACHAT KHATA
PDSC1410,SD059,UTTAM BACHAT KHATA- SILVER
PDSC1031,SD018,UTTAM BACHAT KHATA- SILVER
PDSC496,SD025,UTTAM BACHAT KHATA-GENERAL
PDSC1280,SD026,UTTAM JESTHA NAGARIK BACHAT KHATA-SILVER
PDSC901,SD024,UTTAM BACHAT KHATA-GENERAL
PDSC1670,SD027,UTTAM NARI BACHAT KHATA-SILVER
PDSC1308,SD759,USD SAVING ACCOUNT - NRN
PDSC84,SD028,DOUBLE DEPOSIT SAVING ACC
PDSC1366,SD030,UTTAM TALAB BACHAT KHATA
PDSC343,SD031,UTTAM BACHAT KHATA-GENERAL
PDSC157,SD022,SOCIAL SECURITY RELIEF AC
PDSC1239,SD023,STAFF HOUSING LOAN-ESCROW
PDSC435,SD029,SAMAJIK SURAKCHYA BACHAT
PDSC997,SD034,UTTAM BACHAT KHATA-GENERAL
PDSC1597,SD035,UTTAM BAIDESHIK ROJGAR BACHAT KHATA
PDSC1821,SD036,UTTAM YOUTH SAVING ACCOUNT
PDSC412,SD033,SAGARMATHA DOUBLE DEPOSIT
PDSC834,SD032,SAGARMATHA DOUBLE DEPOSIT
PDSC186,SD038,UTTAM BACHAT KHATA- SILVER
PDSC1365,SD037,UTTAM BACHAT KHATA- SILVER
PDSC285,SD039,UTTAM BACHAT KHATA- SILVER
PDSC1446,CBSAV,UTTAM NARI BACHAT KHATA-SILVER
PDSC890,DBSAV,DAKSHINA BACHAT KHATA
PDSC897,BNSAV,UTTAM BABU NANI BACHAT KHATA
PDSC291,CBOSA,UTTAM NARI BACHAT KHATA-SILVER
PDSC1166,SD042,SAGARMATHA COLLEGE/SCHOOL PAYROLL ACCOUNT
PDSC100,SD060,UTTAM BACHAT KHATA- GOLD
PDSC1760,SD044,SAGARMATHA COLLEGE/SCHOOL STUDENT ACCOUNT
PDSC287,DENSA,SAGARMATHA DEVELOPMENT AND EMBASSY NGO
PDSC384,DEISA,SAGARMATHA DEVELOPMENT AND EMBASSY INGO
PDSC439,DETSA,SAGARMATHA DEVELOPMENT AND EMBASSY NPO/TRUST
PDSC1866,SD040,UTTAM BACHAT KHATA-GENERAL
PDSC985,SD041,UTTAM TALAB BACHAT KHATA
PDSC1011,SD043,SAGARMATHA UNIVERSITY PAYROLL ACCOUNT
PDSC1825,SD045,SAGARMATHA UNIVERSITY STUDENT ACCOUNT
PDSC237,SD046,SAGARMATHA HEALTH PAYROLL ACCOUNT
PDSC885,SD048,SAGARMATHA SIA  BFI SECTOR PAYROLL ACCOUNT
PDSC1358,SD052,USD PREMIUM SAVING ACCOUNT
PDSC1424,SD053,UTTAM BACHAT KHATA-GENERAL
PDSC348,SD058,LIFE INSURANCE SECTOR SAVING ACCOUNT
PDSC805,SD057,PRIVATE CORPORATE SECTOR PAYROLL ACCOUNT
PDSC474,SD055,UTTAM UDHYAMSHIL BACHAT KHATA
PDSC218,SD049,SAGARMATHA SIA  INSURANCE SECTOR PAYROLL ACCOUNT
PDSC484,SD050,SAGARMATHA GOVERNMENT/PUBLIC PAYROLL ACCONUT
PDSC605,SD047,SAGARMATHA SIA PRIORITY SECTOR PAYROLL ACOOUNT
PDSC655,SD056,UTTAM BAIDESHIK ROJGAR BACHAT KHATA
PDSC277,SD051,SAGARMATHA SIA  MINISTRY BASED STRUCTURE PAYROLL ACCOUNT
PDSC1292,SD054,SAGARMATHA TOURISM PAYROLL ACCOUNT
PDSC1433,SD066,UTTAM NARI BACHAT KHATA-GOLD
PDSC732,SD068,UTTAM TALAB BACHAT KHATA
PDSC338,SD075,UTTAM BACHAT KHATA-GENERAL
PDSC112,SD064,UTTAM JESTHA NAGARIK BACHAT KHATA-DIAMOND
PDSC780,SD071,UTTAM UDHYAMSHIL BACHAT KHATA
PDSC1268,SD072,UTTAM BAIDESHIK ROJGAR BACHAT KHATA
PDSC1543,SD067,UTTAM NARI BACHAT KHATA-DIAMOND
PDSC598,SD073,UTTAM UDHYAMSHIL BACHAT KHATA
PDSC457,SD063,UTTAM JESTHA NAGARIK BACHAT KHATA-GOLD
PDSC666,SD065,UTTAM NARI BACHAT KHATA-SILVER
PDSC262,SD077,SAMRIDDHA NEPAL SUKHI NEPALI BACHAT KHATA
PDSC889,SD061,UTTAM BACHAT KHATA- DIAMOND
PDSC1585,SD062,UTTAM JESTHA NAGARIK BACHAT KHATA-SILVER
PDSC65,SD074,UTTAM BACHAT KHATA-GENERAL
PDSC760,SD069,UTTAM BABU NANI BACHAT KHATA
PDSC113,SD076,UTTAM BACHAT KHATA-GENERAL
PDSC413,SD070,UTTAM YOUTH SAVING ACCOUNT
PDSC1131,SD080,UTTAM BACHAT KHATA- GOLD
PDSC1542,SD089,UTTAM NARI BACHAT KHATA-SILVER
PDSC1361,SD085,UTTAM JESTHA NAGARIK BACHAT KHATA-GOLD
PDSC663,SD084,UTTAM JESTHA NAGARIK BACHAT KHATA-DIAMOND
PDSC08,SD090,UTTAM UDHYAMSHIL BACHAT KHATA
PDSC1666,SD088,UTTAM NARI BACHAT KHATA-GOLD
PDSC1638,SD086,UTTAM JESTHA NAGARIK BACHAT KHATA-SILVER
PDSC1646,SD083,UTTAM YOUTH SAVING ACCOUNT
PDSC206,SD092,UTTAM UDHYAMSHIL BACHAT KHATA
PDSC1137,SD078,UTTAM BABU NANI BACHAT KHATA
PDSC899,SD082,UTTAM BAIDESHIK ROJGAR BACHAT KHATA
PDSC1511,SD081,UTTAM BACHAT KHATA- SILVER
PDSC1541,SD096,UTTAM BACHAT KHATA- SILVER
PDSC63,SD095,UTTAM BACHAT KHATA- GOLD
PDSC929,SD111, SUPER UTTAM BAIDESHIK ROJGAR  BACHAT KHATA
PDSC893,SD112, SUPER UTTAM BIDHYARTHI BACHAT KHATA
PDSC688,SD115, SUPER UTTAM JESTHA NAGARIK BACHAT KHATA - SILVER
PDSC1707,SD118, SUPER UTTAM NARI BACHAT KHATA-SILVER
PDSC574,SD093,UTTAM BACHAT KHATA- DIAMOND
PDSC1114,SD110, SUPER UTTAM BACHAT KHATA - SILVER
PDSC1846,SD113, SUPER UTTAM JESTHA NAGARIK BACHAT KHATA - DIAMOND
PDSC1552,SD121, SUPER UTTAM SAHAJ BACHAT KHATA
PDSC1632,SD101,UTTAM NARI BACHAT KHATA-DIAMOND
PDSC407,SD108, SUPER UTTAM BACHAT KHATA - DIAMOND
PDSC1055,SD079,UTTAM BACHAT KHATA- DIAMOND
PDSC627,SD103,UTTAM NARI BACHAT KHATA-SILVER
PDSC1622,SD097,UTTAM BABU NANI BACHAT KHATA
PDSC1841,SD117, SUPER UTTAM NARI BACHAT KHATA-GOLD
PDSC600,SD125, SUPER UTTAM BACHAT KHATA - GOLD ONLINE
PDSC1618,SD126, SUPER UTTAM BACHAT KHATA - SILVER ONLINE
PDSC1112,SD099,UTTAM JESTHA NAGARIK BACHAT KHATA-GOLD
PDSC577,SD094,UTTAM BAIDESHIK ROJGAR BACHAT KHATA
PDSC293,SD106, PRE SAMUNATI BCHT KHATA NPO
PDSC1175,SD119, SUPER UTTAM SWAROJGAR BACHAT KHATA
PDSC1775,SD124, SUPER UTTAM BACHAT KHATA - DIAMOND ONLINE
PDSC1604,SD122, SUPER UTTAM TALAB BACHAT KHATA NORMAL
PDSC1272,SD105,UTTAM BACHAT KHATA-GENERAL
PDSC1783,SD116, SUPER UTTAM NARI BACHAT KHATA-DIAMOND
PDSC1010,SD120, SUPER UTTAM TALAB BACHAT KHATA PRIME
PDSC693,SD123, SUPER UTTAM BABU NANI BACHAT KHATA ONLINE
PDSC1671,SD102,UTTAM NARI BACHAT KHATA-GOLD
PDSC749,SD098,UTTAM JESTHA NAGARIK BACHAT KHATA-DIAMOND
PDSC818,SD100,UTTAM JESTHA NAGARIK BACHAT KHATA-SILVER
PDSC795,SD104,UTTAM BAIDESHIK ROJGAR BACHAT KHATA
PDSC1519,SD114, SUPER UTTAM JESTHA NAGARIK BACHAT KHATA - GOLD
PDSC1645,SD131, SUPER UTTAM NARI BACHAT KHATA-GOLD ONLINE
PDSC175,SD140, PREMIUM SUPER UTTAM BIDHYARTHI BACHAT KHATA
PDSC174,SD141, PREMIUM SUPER UTTAM JESTHA NAGARIK BACHAT KHATA-DIAMOND
PDSC297,SD142, PREMIUM SUPER UTTAM JESTHA NAGARIK KHATA-GOLD
PDSC268,SD144, PREMIUM SUPER UTTAM NARI BACHAT KHATA DIAMOND
PDSC1227,SD145, PREMIUM SUPER UTTAM NARI BACHAT KHATA GOLD
PDSC1431,SD146, PREMIUM SUPER UTTAM NARI BACHAT KHATA SILVER
PDSC147,SD148, PREMIUM SUPER UTTAM TALAB BACHAT KHATA PRIME
PDSC1463,SD130, SUPER UTTAM NARI BACHAT KHATA-DIAMOND ONLINE
PDSC77,SD136, PREMIUM SUPER UTTAM BACHAT KHATA-DIAMOND
PDSC1147,SD153, PREMIUM SUPER UTTAM BACHAT KHATA GOLD ONLINE
PDSC306,SD154, PREMIUM SUPER UTTAM BACHAT KHATA SILVER ONLINE
PDSC1554,SD155, PREMIUM SUPER UTTAM JESTHA NAGARIK BACHAT KHATA DIAMOND ONLINE
PDSC1352,SD128, SUPER UTTAM JESTHA NAGARIK BACHAT KHATA - GOLD ONLINE
PDSC377,SD149, PREMIUM SUPER UTTAM SAHAJ BACHAT KHATA
PDSC554,SD151, PREMIUM SUPER UTTAM BABU NANI BACHAT KHATA ONLINE
PDSC1204,SD160, PREMIUM SUPER UTTAM NARI BACHAT KHATA SILVER ONLINE
PDSC1793,SD161, PREMIUM SUPER UTTAM BAIDESHIK ROJGAR BACHAT KHATA ONLINE
PDSC850,SD127, SUPER UTTAM JESTHA NAGARIK BACHAT KHATA - DIAMOND ONLINE
PDSC420,SD129, SUPER UTTAM JESTHA NAGARIK BACHAT KHATA - SILVER ONLINE
PDSC1550,SD133, SUPER UTTAM BAIDESHIK ROJGAR  BACHAT KHATA ONLINE
PDSC1254,SD135, PREMIUM SUPER CHAMAT BABUNANI BACHAT KHATA
PDSC1664,SD138, PREMIUM SUPER UTTAM BACHAT KHATA-SILVER
PDSC996,SD139, PREMIUM SUPER UTTAM BAIDESHIK ROJGAR BACHAT KHATA
PDSC271,SD137, PREMIUM SUPER UTTAM BACHAT KHATA GOLD
PDSC1038,SD143, PREMIUM SUPER UTTAM JESTHA NAGARIK BACHAT KHATA SILVER
PDSC473,SD147, PREMIUM SUPER UTTAM SWAROJGAR BACHAT KHATA
PDSC1582,SD150, PREMIUM SUPER UTTAM TALAB BACHAT KHATA NORMAL
PDSC1778,SD152, PREMIUM SUPER UTTAM BACHAT KHATA- DIAMOND ONLINE
PDSC777,SD156, PREMIUM SUPER UTTAM JESTHA NAGARIK BACHAT KHATA GOLD ONLINE
PDSC1672,SD157, PREMIUM SUPER UTTAM JESTHA NAGARIK BACHAT KHATA SILVER ONLINE
PDSC1305,SD158, PREMIUM SUPER UTTAM NARI BACHAT KHATA DIAMOND ONLINE
PDSC1374,SD159, PREMIUM SUPER UTTAM NARI BACHAT KHATA GOLD ONLINE
PDSC210,SD132, SUPER UTTAM NARI BACHAT KHATA-SILVER ONLINE
PDSC1450,SD134, SUPER UTTAM BACHAT KHATA-SILVER BIRATEXPO
PDSC55,SD170,DIAMOND GBP SAVING ACCOUNT
PDSC660,SD171,DIAMOND AUD SAVINGS  ACCOUNT
PDSC1515,SD189,UTKRISTA JESTHA NAGARIK BACHAT KHATA-PARTNER
PDSC62,SD190,UTKRISTA JESTHA NAGARIK BAC KHA-AMBASS ONLINE
PDSC73,SD162,SECURITY DEPOSIT LOCKER KHATA
PDSC123,SD165,SOCIAL SEC. ACCT-FORWARD FEED
PDSC1143,SD166, PREMIUM SUPER UTTAM TALAB BACHAT KHATA PRIME ONLINE
PDSC358,SD163,SAVING QR ACCOUNT
PDSC90,SD167, PREMIUM SUPER UTTAM SAHAJ BACHAT KHATA ONLINE
PDSC1158,SD172,EURO SAVINGS ACCOUNT
PDSC1092,SD176,UTKRISTA BACHAT KHATA- PRIDE
PDSC803,SD179,UTKRISTA BACHAT KHATA - PRIDE - ONLINE
PDSC1217,SD181,UTKRISTA NARI BACHAT KHATA-AMBASSADOR
PDSC1036,SD182,UTKRISTA NARI BACHAT KHATA-PRIDE
PDSC428,SD164,SAVING QR ACCOUNT-WITHOUT PAN
PDSC1249,SD180,UTKRISTA BACHAT KHATA PARTNER - ONLINE
PDSC1116,SD183,UTKRISTA NARI BACHAT KHATA-PARTNER
PDSC1785,SD185,UTKRISTA NARI BACHAT KHATA-PRIDE ONLINE
PDSC515,SD186,UTKRISTA NARI BACHAT KHATA-PARTNER ONLINE
PDSC79,SD168,DIAMOND USD SAVINGS  ACCOUNT
PDSC1668,SD175,UTKRISTA BACHAT KHATA- AMBASSADOR
PDSC1263,SD177,UTKRISTA BACHAT KHATA - PARTNER
PDSC1378,SD169,DIAMOND EURO SAVINGS ACCOUNT
PDSC888,SD173,GBP SAVING DEPOSIT
PDSC1730,SD174,AUD SAVINGS  ACCOUNT
PDSC697,SD178,UTKRISTA BACHAT KHATA - AMBASSADOR - ONLINE
PDSC713,SD184,UTKRISTA NARI BACHAT KHATA-AMBASSADOR ONLINE
PDSC373,SD187,UTKRISTA JESTHA NAGARIK BACHAT KHA-AMBASSADOR
PDSC1363,SD188,UTKRISTA JESTHA NAGARIK BACHAT KHATA-PRIDE
PDSC1244,SD207,KMC AMBASSADOR ACCOUNT
PDSC918,SD209,UTKRISTA TALAB BACHAT KHATA - ONLINE
PDSC493,SD192,UTKRISTA JESTHA NAGARIK B KHA-PARTNER ONLINE
PDSC1858,SD193,UTKRISTA TALAB BACHAT KHA-AMBASSADOR
PDSC1588,SD194,UTKRISTA TALAB BACHAT KHATA-PRIDE
PDSC951,SD198,UTKRISTA BABU NANI BACHAT KHATA ONLINE
PDSC35,SD199,UTKRISTA BAIDESIK ROJGAR BACHAT KHATA
PDSC1332,SD202,UTKRISTA SAHAJ BACHAT KHATA ONLINE
PDSC1850,SD203,UTKRISTA BIDHYARTHI BACHAT KHATA
PDSC855,SD206,UTKRISTA TALAB BACHAT KHATA-SME STAFF MORE THAN 5
PDSC178,SD208,UTKRISTA TALAB BACHAT KHATA - PARTNER
PDSC372,SD214,UTKRISTA REMITTANCE BACHAT KHATA - AMBASSADOR
PDSC520,SD215,UTKRISTA REMITTANCE BACHAT KHATA - PRIDE
PDSC703,SD216,UTKRISTA REMITTANCE BACHAT KHATA - PARTNER
PDSC326,SD211,UTKRISTA BAIJANATH GAUNPALIKA BACHAT KHATA AMBASSADOR
PDSC1468,SD205,UTKRISTA TALAB BACHAT KHATA-SME STAFF LESS THAN 5
PDSC1751,SD191,UTKRISTA JESTHA NAGARIK BAC KHA-PRIDE ONLINE
PDSC1633,SD195,UTKRISTA TALAB BACHAT KHA-AMBASSADOR ONLINE
PDSC758,SD196,UTKRISTA TALAB BACHAT KHATA-PRIDE ONLINE
PDSC181,SD197,UTKRISTA BABU NANI BACHAT KHATA
PDSC1000,SD200,UTKRISTA BAIDESIK ROJGAR BACHAT KHATA ONLINE
PDSC321,SD201,UTKRISTA SAHAJ BACHAT KHATA
PDSC1500,SD204,UTKRISTA SWORAJGAR BACHAT KHATA
PDSC1657,SD220,UTKRISTA KHAJURA GAUNPALIKA BACHAT KHATA AMBASSADOR
PDSC1766,SD222,UTKRISTA KHAJURA GAUNPALIKA BACHAT KHATA PARTNER
PDSC1641,SD246,UTKRISTA GODAWARI NAGARPALIKA - KAILALI BACHAT KHATA - PARTNER
PDSC1489,SD219,UTKRISTA JANAKI GAUNPALIKA BACHAT KHATA PARTNER
PDSC360,SD218,UTKRISTA JANAKI GAUNPALIKA BACHAT KHATA PRIDE
PDSC1836,SD237,UTKRISTA GAURADAHA NAGARPALIKA BACHAT KHATA PARTNER
PDSC1691,SD243,UTKRISTA TOKHA NAGARPALIKA BACHAT KHATA PARTNER
PDSC1070,SD213,UTKRISTA BAIJANATH GAUNPALIKA BACHAT KHATA PARTNER
PDSC92,SD217,UTKRISTA JANAKI GAUNPALIKA BACHAT KHATA AMBASSADOR
PDSC295,SD223,UTKRISTA BALEFI GAUPALIKA BACHAT KHATA AMBASSADOR
PDSC1472,SD226,UTKRISTA DEVDAHA NAGARPALIKA BACHAT KHATA AMBASSADOR
PDSC599,SD221,UTKRISTA KHAJURA GAUNPALIKA BACHAT KHATA PRIDE
PDSC1420,SD225,UTKRISTA BALEFI GAUNPALIKA BACHAT KHATA PARTNER
PDSC1277,SD228,UTKRISTA DEVDAHA NAGARPALIKA BACHAT KHATA PARTNER
PDSC1772,SD231,UTKRISTA GARUDA NAGARPALIKA BACHAT KHATA PARTNER
PDSC1234,SD232,UTKRISTA GAIDAHAWA GAUPALIKA BACHAT KHATA AMBASSADOR
PDSC851,SD224,UTKRISTA BALEFI GAUNPALIKA BACHAT KHATA PRIDE
PDSC1479,SD234,UTKRISTA GAIDAHAWA GAUNPALIKA BACHAT KHATA PARTNER
PDSC902,SD235,UTKRISTA GAURADAHA NAGARPALIKA BACHAT KHATA AMBASSADOR
PDSC894,SD240,UTKRISTA GAURIGUNJ GAUNPALIKA BACHAT KHATA PARTNER
PDSC525,SD229,UTKRISTA GARUDA NAGARPALIKA BACHAT KHATA AMBASSADOR
PDSC1475,SD227,UTKRISTA DEVDAHA NAGARPALIKA BACHAT KHATA PRIDE
PDSC1853,SD238,UTKRISTA GAURIGUNJ GAUNPALIKA BACHAT KHATA AMBASSADOR
PDSC450,SD249,UTKRISTA GAURIGANGA NAGARPALIKA BACHAT KHATA - PARTNER
PDSC1406,SD375,UTKRISTA MAHARAJGUNJ NAGARPALIKA BACHAT KHATA-PARTNER
PDSC1302,SD252,UTKRISTA CHHIPAHARMAI GAUNPALIKA BACHAT KHATA PARTNER
PDSC1625,SD244,UTKRISTA GODAWARI NAGARPALIKA KAILALI BACHAT KHATA AMBASSADOR
PDSC1482,SD378,UTKRISTA KANCHAN GAUPALIKA BACHAT KHATA PARTNER
PDSC1094,SD261,UTKRISTA KAMALA MUSAGARMATHAIPALITY BACHAT KHATA PARTNER
PDSC95,SD230,UTKRISTA GARUDA NARGARPALIKA BACHAT KHATA PRIDE
PDSC355,SD241,UTKRISTA TOKHA NAGARPALIKA BACHAT KHATA AMBASSADOR
PDSC958,SD255,UTKRISTA JAGARNATHPUR GAUNPALIKA BACHAT KHATA PARTNER
PDSC875,SD258,UTKRISTA JEERABHAWANI GAUNPALIKA BACHAT KHATA PARTNER
PDSC1713,SD233,UTKRISTA GAIDAHAWA GAUPALIKA BACHAT KHATA PRIDE
PDSC833,SD414,UTKRISTA BIRTAMOD NAGARPALIKA BACHAT KHATA PARTNER
PDSC347,SD317,UTKRISTA BUDHIGANGA GAUPALIKA BACHAT KHATA PRIDE
PDSC43,SD721,UTKRISTA REMITTANCE BACHAT KHATA - PARTNER ONLINE
PDSC729,SD742,NEA FAMILY BUNDLE ACCOUNT
PDSC613,SD741,NEA PAYROLL AMBASSADOR ACCOUNT
PDSC1498,SD754,UTKRISTA REMITTANCE BACHAT KHATA-GENERAL ONLINE
PDSC456,SD267,UTKRISTA JOSHIPUR GAUNPALIKA BACHAT KHATA PARTNER
PDSC952,SD384,UTKRISTA KANEPOKHARI GAUPALIKA BACHAT KHATA PARTNER
PDSC354,SD273,UTKRISTA RAMDHUNI NAGARPALIKA BACHAT KHATA PARTNER
PDSC949,SD256,UTKRISTA JEERABHAWANI GAUNPALIKA BACHAT KHATA AMBASSADOR
PDSC1816,SD557,UTKRISTA DUDUWA GAUNPALIKA BACHAT KHATA PRIDE ONLINE
PDSC931,SD691,UTKRISTA HARIPURWA NAGARPALIKA BACHAT KHATA - AMBASSADOR ONLINE
PDSC403,SD588,UTKRISTA BEDKOT NAGARPALIKA BACHAT KHATA- PARTNER ONLINE
PDSC1819,SD731,UTKRISTA MAHAGADHIMAI NAGARPALIKA BACHAT KHATA - PRIDE
PDSC1804,SD518,UTKRISTA JOSHIPUR GAUNPALIKA BACHAT KHATA PRIDE ONLINE
PDSC1124,SD257,UTKRISTA JEERABHAWANI GAUNPALIKA BACHAT KHATA PRIDE
PDSC1488,SD265,UTKRISTA JOSHIPUR GAUNPALIKA BACHAT KHATA AMBASSADOR
PDSC1062,SD260,UTKRISTA KAMALA MUSAGARMATHAIPALITY BACHAT KHATA PRIDE
PDSC1379,SD271,UTKRISTA RAMDHUNI NAGARPALIKA BACHAT KHATA AMBASSADOR
PDSC619,SD488,UTKRISTA GAURADAHA NAGARPALIKA BACHAT KHATA PRIDE ONLINE
PDSC471,SD735,UTKRISTA PANCHAKANYA GAUPALIKA BACHAT KHATA PRIDE
PDSC1610,SD349,UTKRISTA BHAGWANPUR GAUPALIKA BACHAT KHATA AMBASSADOR
PDSC1286,SD352,UTKRISTA BHIMPHEDI GAUPALIKA BACHAT KHATA AMBASSADOR
PDSC1443,SD730,UTKRISTA MAHAGADHIMAI NAGARPALIKA BACHAT KHATA -  AMBASSADOR
PDSC594,SD756,UTKRISTA REMITTANCE BACHAT KHATA-IPO
PDSC514,SD324,UTKRISTA BARDAGHAT NAGARPALIKA BACHAT KHATA PARTNER
PDSC303,SD327,UTKRISTA BALARA NAGARPALIKA BACHAT KHATA PARTNER
PDSC1524,SD266,UTKRISTA JOSHIPUR GAUNPALIKA BACHAT KHATA PRIDE
PDSC1435,SD333,UTKRISTA BUDDHASHANTI GAUNPALIKA BACHAT KHATA PARTNER
PDSC05,SD345,UTKRISTA KACHANKAWAL GAUNPALIKA BACHAT KHATA PARTNER
PDSC116,SD360,UTKRISTA SUNWAL NAGARPALIKA BACHAT KHATA PARTNER
PDSC942,SD328,UTKRISTA BANSGADHI MUSAGARMATHAIPAITY BACHAT KHATA AMBASSADOR
PDSC1558,SD429,UTKRISTA TARAKESHWOR NAGARPALIKA BACHAT KHATA PARTNER
PDSC320,SD363,UTKRISTA THAKURBABA NAGARPALIKA BACHAT KHATA PARTNER
PDSC365,SD313,UTKRISTA GRAMTHAN GAUPALIKA BACHAT KHATA AMBASSADOR
PDSC60,SD293,UTKRISTA DUHABI NAGARPALIKA BACHAT KHATA PRIDE
PDSC944,SD314,UTKRISTA GRAMTHAN GAUPALIKA BACHAT KHATA PRIDE
PDSC1182,SD432,UTKRISTA GUJARA NAGARPALIKA BACHAT KHATA PARTNER
PDSC657,SD441,UTKRISTA HARIPURWA NAGARPALIKA BACHAT KHATA PARTNER
PDSC1324,SD468,UTKRISTA BAIJANATH GAUNPALIKA BACHAT KHATA PARTNER ONLINE
PDSC926,SD521,UTKRISTA JHAPA GAUPALIKA BACHAT KHATA PRIDE ONLINE
PDSC1603,SD551,UTKRISTA ROHINI GAUPALIKA BACHAT KHATA PRIDE ONLINE
PDSC311,SD665,UTKRISTA BIRTAMOD NAGARPALIKA BACHAT KHATA PRIDE ONLINE
PDSC1341,SD439,UTKRISTA HARIPURWA NAGARPALIKA BACHAT KHATA AMBASSADOR
PDSC1317,SD442,UTKRISTA CHANDRAGIRI MUSAGARMATHAIPALITY BACHAT KHATA AMBASSADOR
PDSC563,SD445,UTKRISTA HARIPUR NAGARPALIKA BACHAT KHATA AMBASSADOR
PDSC363,SD670,UTKRISTA SABAILA NAGARPALIKA BACHAT KHATA - AMBASSADOR ONLINE
PDSC1388,SD715,UTKRISTA AADHIKHOLA GAUPALIKA BACHAT KHATA - AMBASSADOR ONLINE
PDSC1247,SD650,UTKRISTA RAJPUR GAUNPALIKA BACHAT KHATA PRIDE ONLINE
PDSC91,SD662,UTKRISTA KATAHARIYA NAGARPALIKA BACHAT KHATA PRIDE ONLINE
PDSC941,SD476,UTKRISTA BALEFI GAUPALIKA BACHAT KHATA PRIDE ONLINE
PDSC1526,SD620,UTKRISTA CHAKRAGHATTA GAUNPALIKA BACHAT KHATA PRIDE ONLINE
PDSC1750,SD635,UTKRISTA KANEPOKHARI GAUPALIKA BACHAT KHATA PRIDE ONLINE
PDSC551,SD600,UTKRISTA BARDAGORIYA GAUNPALIKA BACHAT KHATA- PARTNER ONLINE
PDSC1565,SD603,UTKRISTA BHAGWANPUR GAUPALIKA BACHAT KHATA- PARTNER ONLINE
PDSC434,SD364,UTKRISTA TILOTTAMA NAGARPALIKA BACHAT KHATA AMBASSADOR
PDSC1631,SD380,UTKRISTA MIRCHAIYA NAGARPALIKA BACHAT KHATA PRIDE
PDSC201,SD379,UTKRISTA MIRCHAIYA NAGARPALIKA BACHAT KHATA AMBASSADOR
PDSC1856,SD383,UTKRISTA KANEPOKHARI GAUPALIKA BACHAT KHATA PRIDE
PDSC1329,SD395,UTKRISTA GADHAWA GAUPALIKA BACHAT KHATA PRIDE
PDSC1253,SD404,UTKRISTA BARJU GAUPALIKA BACHAT KHATA PRIDE
PDSC1449,SD580,UTKRISTA BANSGADHI MUSAGARMATHAIPAITY BACHAT KHATA - AMBASSADOR ONLINE
PDSC267,SD583,UTKRISTA BUDDHASHANTI GAUPALIKA BACHAT KHATA - AMBASSADOR ONLINE
PDSC1714,SD560,UTKRISTA ANNAPURNA GAUPALIKA BACHAT KHATA PRIDE ONLINE
PDSC160,SD659,UTKRISTA KERABARI GAUPALIKA BACHAT KHATA PRIDE ONLINE
PDSC1832,SD713,UTKRISTA KABILASI NAGARPALIKA BACHAT KHATA PRIDE ONLINE
PDSC1676,SD749,UTKRISTA PAYROLL BACHAT KHATA-AMBASSADOR ONLINE
PDSC1030,SD248,UTKRISTA GAURIGANGA NAGARPALIKA BACHAT KHATA PRIDE
PDSC426,SD306,UTKRISTA DUDUWA GAUNPALIKA BACHAT KHATA PARTNER
PDSC1032,SD318,UTKRISTA BUDHIGANGA GAUNPALIKA BACHAT KHATA PARTNER
PDSC252,SD263,UTKRISTA BARABARDIYA NAGARPALIKA BACHAT KHATA PRIDE
PDSC1170,SD295,UTKRISTA DEVCHULI NAGARPALIKA BACHAT KHATA AMBASSADOR
PDSC111,SD366,UTKRISTA TILOTTAMA NAGARPALIKA BACHAT KHATA PARTNER
PDSC1868,SD368,UTKRISTA CHAKRAGHATTA GAUNPALIKA BACHAT KHATA PRIDE
PDSC1740,SD485,UTKRISTA GAIDAHAWA GAUPALIKA BACHAT KHATA PRIDE ONLINE
PDSC835,SD491,UTKRISTA GAURIGUNJ GAUNPALIKA BACHAT KHATA PRIDE ONLINE
PDSC624,SD500,UTKRISTA GAURIGANGA NAGARPALIKA BACHAT KHATA PRIDE ONLINE
PDSC791,SD419,UTKRISTA SABAILA NAGARPALIKA BACHAT KHATA PRIDE
PDSC990,SD400,UTKRISTA LOHARPATTI MUSAGARMATHAIPALITY BACHAT KHATA AMBASSADOR
PDSC433,SD403,UTKRISTA BARJU GAUPALIKA BACHAT KHATA AMBASSADOR
PDSC718,SD359,UTKRISTA SUNWAL NAGARPALIKA BACHAT KHATA PRIDE
PDSC639,SD444,UTKRISTA CHANDRAGIRI MUSAGARMATHAIPALITY BACHAT KHATA PARTNER
PDSC1683,SD408,UTKRISTA KERABARI GAUPALIKA BACHAT KHATA PARTNER
PDSC1607,SD337,UTKRISTA RAMPRASADRAI GAUPALIKA BACHAT KHATA AMBASSADOR
PDSC1602,SD332,UTKRISTA BUDDHASHANTI GAUPALIKA BACHAT KHATA PRIDE
PDSC1792,SD335,UTKRISTA BEDKOT NAGARPALIKA BACHAT KHATA PRIDE
PDSC1608,SD458,UTKRISTA KATHMANDU MAHANAGARPALIKA BACHAT KHATA PRIDE
PDSC1857,SD433,UTKRISTA SURYABINAYAK NAGARPALIKA BACHAT KHATA AMBASSADOR
PDSC1811,SD622,UTKRISTA MAHADEWA GAUPALIKA BACHAT KHATA - AMBASSADOR ONLINE
PDSC653,SD634,UTKRISTA KANEPOKHARI GAUPALIKA BACHAT KHATA - AMBASSADOR ONLINE
PDSC1729,SD675,UTKRISTA SAMSI GAUPALIKA BACHAT KHATA- PARTNER ONLINE
PDSC108,SD289,UTKRISTA SHUKLAGANDAKI NAGARPALIKA BACHAT KHATA AMBASSADOR
PDSC1335,SD298,UTKRISTA ROHINI GAUPALIKA BACHAT KHATA AMBASSADOR
PDSC458,SD402,UTKRISTA LOHARPATTI MUSAGARMATHAIPALITY BACHAT KHATA PARTNER
PDSC1144,SD405,UTKRISTA BARJU GAUPALIKA BACHAT KHATA PARTNER
PDSC522,SD370,UTKRISTA MAHADEWA GAUPALIKA BACHAT KHATA AMBASSADOR
PDSC1555,SD371,UTKRISTA MAHADEWA GAUPALIKA BACHAT KHATA PRIDE
PDSC731,SD544,UTKRISTA DUHABI NAGARPALIKA BACHAT KHATA - AMBASSADOR ONLINE
PDSC968,SD617,UTKRISTA TILOTTAMA NAGARPALIKA BACHAT KHATA PRIDE ONLINE
PDSC1559,SD720,UTKRISTA REMITTANCE BACHAT KHATA - PRIDE ONLINE
PDSC1405,SD299,UTKRISTA ROHINI GAUPALIKA BACHAT KHATA PRIDE
PDSC745,SD311,UTKRISTA DEWANGUNJ GAUPALIKA BACHAT KHATA PRIDE
PDSC1527,SD423,UTKRISTA SAMSI GAUPALIKA BACHAT KHATA PARTNER
PDSC867,SD353,UTKRISTA BHIMPHEDI GAUPALIKA BACHAT KHATA PRIDE
PDSC592,SD438,UTKRISTA SIYARI GAUNPALIKA BACHAT KHATA PARTNER
PDSC1710,SD392,UTKRISTA DHOBINI GAUPALIKA BACHAT KHATA PRIDE
PDSC1303,SD398,UTKRISTA RAJPUR GAUNPALIKA BACHAT KHATA PRIDE
PDSC173,SD325,UTKRISTA BALARA NAGARPALIKA BACHAT KHATA AMBASSADOR
PDSC546,SD412,UTKRISTA BIRTAMOD NAGARPALIKA BACHAT KHATA AMBASSADOR
PDSC1195,SD443,UTKRISTA CHANDRAGIRI MUSAGARMATHAIPALITY BACHAT KHATA PRIDE
PDSC824,SD415,UTKRISTA ARJUNDHARA MUNCIPALITY BACHAT KHATA AMBASSADOR
PDSC776,SD449,UTKRISTA BAGMATI NAGARPALIKA BACHAT KHATA PRIDE
PDSC1727,SD492,UTKRISTA GAURIGUNJ GAUNPALIKA BACHAT KHATA- PARTNER ONLINE
PDSC04,SD537,UTKRISTA KAGESHWORI MANOHARA NAGARPALIKA BACHAT KHATA- PARTNER ONLINE
PDSC1173,SD546,UTKRISTA ROHINI GAUPALIKA BACHAT KHATA- PARTNER ONLINE
PDSC1224,SD748,UTKRISTA PAYROLL BACHAT KHATA-GENERAL
PDSC1513,SD343,UTKRISTA KACHANKAWAL GAUPALIKA BACHAT KHATA AMBASSADOR
PDSC444,SD338,UTKRISTA RAMPRASADRAI GAUPALIKA BACHAT KHATA PRIDE
PDSC1761,SD478,UTKRISTA DEVDAHA NAGARPALIKA BACHAT KHATA - AMBASSADOR ONLINE
PDSC1824,SD425,UTKRISTA GODAWARI NAGARPALIKA - LALITPUR BACHAT KHATA PRIDE
PDSC1238,SD456,UTKRISTA PAKHRIBAS NAGARPALIKA BACHAT KHATA PARTNER
PDSC1809,SD446,UTKRISTA HARIPUR NAGARPALIKA BACHAT KHATA PRIDE
PDSC521,SD461,UTKRISTA KABILASI NAGARPALIKA BACHAT KHATA PRIDE
PDSC1806,SD427,UTKRISTA TARAKESHWOR NAGARPALIKA BACHAT KHATA AMBASSADOR
PDSC72,SD475,UTKRISTA BALEFI GAUPALIKA BACHAT KHATA - AMBASSADOR ONLINE
PDSC390,SD484,UTKRISTA GAIDAHAWA GAUPALIKA BACHAT KHATA - AMBASSADOR ONLINE
PDSC1754,SD490,UTKRISTA GAURIGUNJ GAUNPALIKA BACHAT KHATA - AMBASSADOR ONLINE
PDSC247,SD502,UTKRISTA CHHIPAHARMAI GAUPALIKA BACHAT KHATA - AMBASSADOR ONLINE
PDSC940,SD482,UTKRISTA GARUDA NAGARPALIKA BACHAT KHATA  PRIDE ONLINE
PDSC658,SD517,UTKRISTA JOSHIPUR GAUNPALIKA BACHAT KHATA - AMBASSADOR ONLINE
PDSC810,SD523,UTKRISTA RAMDHUNI NAGARPALIKA BACHAT KHATA - AMBASSADOR ONLINE
PDSC276,SD532,UTKRISTA TIRAHUT GAUPALIKA BACHAT KHATA - AMBASSADOR ONLINE
PDSC1333,SD477,UTKRISTA BALEFI GAUPALIKA BACHAT KHATA- PARTNER ONLINE
PDSC635,SD501,UTKRISTA GAURIGANGA NAGARPALIKA BACHAT KHATA- PARTNER ONLINE
PDSC540,SD519,UTKRISTA JOSHIPUR GAUNPALIKA BACHAT KHATA- PARTNER ONLINE
PDSC1257,SD288,UTKRISTA NALGAD NAGARPALIKA BACHAT KHATA PARTNER
PDSC934,SD315,UTKRISTA GRAMTHAN GAUNPALIKA BACHAT KHATA PARTNER
PDSC1226,SD268,UTKRISTA JHAPA GAUPALIKA BACHAT KHATA AMBASSADOR
PDSC1246,SD554,UTKRISTA DHANUSADHAM NAGARPALIKA BACHAT KHATA PRIDE ONLINE
PDSC1413,SD511,UTKRISTA KAMALA MUSAGARMATHAIPALITY BACHAT KHATA - AMBASSADOR ONLINE
PDSC848,SD547,UTKRISTA DEVCHULI NAGARPALIKA BACHAT KHATA - AMBASSADOR ONLINE
PDSC794,SD566,UTKRISTA GRAMTHAN GAUPALIKA BACHAT KHATA PRIDE ONLINE
PDSC1196,SD604,UTKRISTA BHIMPHEDI GAUPALIKA BACHAT KHATA - AMBASSADOR ONLINE
PDSC454,SD575,UTKRISTA BARDAGHAT NAGARPALIKA BACHAT KHATA PRIDE ONLINE
PDSC1810,SD613,UTKRISTA THAKURBABA NAGARPALIKA BACHAT KHATA - AMBASSADOR ONLINE
PDSC1601,SD619,UTKRISTA CHAKRAGHATTA GAUNPALIKA BACHAT KHATA - AMBASSADOR ONLINE
PDSC1518,SD679,UTKRISTA TARAKESHWOR NAGARPALIKA BACHAT KHATA - AMBASSADOR ONLINE
PDSC1590,SD524,UTKRISTA RAMDHUNI NAGARPALIKA BACHAT KHATA PRIDE ONLINE
PDSC313,SD536,UTKRISTA KAGESHWORI MANOHARA NAGARPALIKA BACHAT KHATA PRIDE ONLINE
PDSC1720,SD542,UTKRISTA SHUKLAGANDAKI NAGARPALIKA BACHAT KHATA PRIDE ONLINE
PDSC1658,SD559,UTKRISTA ANNAPURNA GAUPALIKA BACHAT KHATA - AMBASSADOR ONLINE
PDSC1343,SD562,UTKRISTA DEWANGUNJ GAUPALIKA BACHAT KHATA - AMBASSADOR ONLINE
PDSC460,SD586,UTKRISTA BEDKOT NAGARPALIKA BACHAT KHATA - AMBASSADOR ONLINE
PDSC1677,SD598,UTKRISTA BARDAGORIYA GAUNPALIKA BACHAT KHATA - AMBASSADOR ONLINE
PDSC739,SD658,UTKRISTA KERABARI GAUPALIKA BACHAT KHATA - AMBASSADOR ONLINE
PDSC980,SD499,UTKRISTA GAURIGANGA NAGARPALIKA BACHAT KHATA - AMBASSADOR ONLINE
PDSC836,SD671,UTKRISTA SABAILA NAGARPALIKA BACHAT KHATA PRIDE ONLINE
PDSC417,SD674,UTKRISTA SAMSI GAUPALIKA BACHAT KHATA PRIDE ONLINE
PDSC1167,SD680,UTKRISTA TARAKESHWOR NAGARPALIKA BACHAT KHATA PRIDE ONLINE
PDSC620,SD510,UTKRISTA JEERABHAWANI GAUNPALIKA BACHAT KHATA- PARTNER ONLINE
PDSC746,SD513,UTKRISTA KAMALA MUSAGARMATHAIPALITY BACHAT KHATA- PARTNER ONLINE
PDSC747,SD531,UTKRISTA MAHALAXMI NAGARPALIKA BACHAT KHATA- PARTNER ONLINE
PDSC1453,SD540,UTKRISTA NALGAD NAGARPALIKA BACHAT KHATA- PARTNER ONLINE
PDSC1110,SD700,UTKRISTA BAGMATI NAGARPALIKA BACHAT KHATA - AMBASSADOR ONLINE
PDSC1312,SD626,UTKRISTA MAHARAJGUNJ NAGARPALIKA BACHAT KHATA PRIDE ONLINE
PDSC771,SD653,UTKRISTA LOHARPATTI MUSAGARMATHAIPALITY BACHAT KHATA PRIDE ONLINE
PDSC552,SD591,UTKRISTA RAMPRASADRAI GAUPALIKA BACHAT KHATA- PARTNER ONLINE
PDSC621,SD597,UTKRISTA KACHANKAWAL GAUPALIKA BACHAT KHATA- PARTNER ONLINE
PDSC730,SD615,UTKRISTA THAKURBABA NAGARPALIKA BACHAT KHATA- PARTNER ONLINE
PDSC1863,SD618,UTKRISTA TILOTTAMA NAGARPALIKA BACHAT KHATA- PARTNER ONLINE
PDSC565,SD630,UTKRISTA KANCHAN GAUPALIKA BACHAT KHATA- PARTNER ONLINE
PDSC489,SD673,UTKRISTA SAMSI GAUPALIKA BACHAT KHATA - AMBASSADOR ONLINE
PDSC1634,SD694,UTKRISTA CHANDRAGIRI MUSAGARMATHAIPALITY BACHAT KHATA - AMBASSADOR ONLINE
PDSC142,SD587,UTKRISTA BEDKOT NAGARPALIKA BACHAT KHATA PRIDE ONLINE
PDSC938,SD590,UTKRISTA RAMPRASADRAI GAUPALIKA BACHAT KHATA PRIDE ONLINE
PDSC1252,SD656,UTKRISTA BARJU GAUPALIKA BACHAT KHATA PRIDE ONLINE
PDSC785,SD561,UTKRISTA ANNAPURNA GAUPALIKA BACHAT KHATA- PARTNER ONLINE
PDSC1205,SD654,UTKRISTA LOHARPATTI MUSAGARMATHAIPALITY BACHAT KHATA- PARTNER ONLINE
PDSC361,SD757,UTKRISTA REMITTANCE BACHAT KHATA-IPO ONLINE
PDSC1469,SD535,UTKRISTA KAGESHWORI MANOHARA NAGARPALIKA BACHAT KHATA - AMBASSADOR ONLINE
PDSC388,SD571,UTKRISTA BANDIPUR GAUNPALIKA BACHAT KHATA - AMBASSADOR ONLINE
PDSC99,SD543,UTKRISTA SHUKLAGANDAKI NAGARPALIKA BACHAT KHATA- PARTNER ONLINE
PDSC380,SD552,UTKRISTA ROHINI GAUPALIKA BACHAT KHATA- PARTNER ONLINE
PDSC207,SD582,UTKRISTA BANSGADHI MUSAGARMATHAIPAITY BACHAT KHATA- PARTNER ONLINE
PDSC1497,SD624,UTKRISTA MAHADEWA GAUPALIKA BACHAT KHATA- PARTNER ONLINE
PDSC488,SD657,UTKRISTA BARJU GAUPALIKA BACHAT KHATA- PARTNER ONLINE
PDSC1354,SD703,UTKRISTA KAILARI GAUNPALIKA BACHAT KHATA - AMBASSADOR ONLINE
PDSC1348,SD633,UTKRISTA MIRCHAIYA NAGARPALIKA BACHAT KHATA- PARTNER ONLINE
PDSC1776,SD636,UTKRISTA KANEPOKHARI GAUPALIKA BACHAT KHATA- PARTNER ONLINE
PDSC188,SD669,UTKRISTA ARJUNDHARA MUNCIPALITY BACHAT KHATA- PARTNER ONLINE
PDSC352,SD684,UTKRISTA GUJARA NAGARPALIKA BACHAT KHATA- PARTNER ONLINE
PDSC94,SD699,UTKRISTA HARIPUR NAGARPALIKA BACHAT KHATA- PARTNER ONLINE
PDSC1391,SD717,UTKRISTA AADHIKHOLA GAUPALIKA BACHAT KHATA- PARTNER ONLINE
PDSC769,SD496,UTKRISTA GODAWARI NAGARPALIKA - KAILALI BACHAT KHATA - AMBASSADOR ONLINE
PDSC1359,SD541,UTKRISTA SHUKLAGANDAKI NAGARPALIKA BACHAT KHATA - AMBASSADOR ONLINE
PDSC1130,SD568,UTKRISTA BUDHIGANGA GAUPALIKA BACHAT KHATA - AMBASSADOR ONLINE
PDSC199,SD373,UTKRISTA MAHARAJGUNJ NAGARPALIKA BACHAT KHATA AMBASSADOR
PDSC636,SD506,UTKRISTA JAGARNATHPUR GAUPALIKA BACHAT KHATA PRIDE ONLINE
PDSC1133,SD538,UTKRISTA NALGAD NAGARPALIKA BACHAT KHATA - AMBASSADOR ONLINE
PDSC1082,SD689,UTKRISTA SIYARI GAUNPALIKA BACHAT KHATA PRIDE ONLINE
PDSC1202,SD692,UTKRISTA HARIPURWA NAGARPALIKA BACHAT KHATA PRIDE ONLINE
PDSC1725,SD698,UTKRISTA HARIPUR NAGARPALIKA BACHAT KHATA PRIDE ONLINE
PDSC130,SD280,UTKRISTA TIRAHUT GAUPALIKA BACHAT KHATA AMBASSADOR
PDSC588,SD342,UTKRISTA BAUDHIMAI NAGARPALIKA BACHAT KHATA PARTNER
PDSC336,SD292,UTKRISTA DUHABI NAGARPALIKA BACHAT KHATA AMBASSADOR
PDSC02,SD278,UTKRISTA MAHALAXMI NAGARPALIKA BACHAT KHATA PRIDE
PDSC466,SD304,UTKRISTA DUDUWA GAUNPALIKA BACHAT KHATA AMBASSADOR
PDSC349,SD284,UTKRISTA KAGESHWORI MANOHARA NAGARPALIKA BACHAT KHATA PRIDE
PDSC1548,SD287,UTKRISTA NALGAD NAGARPALIKA BACHAT KHATA PRIDE
PDSC325,SD290,UTKRISTA SHUKLAGANDAKI NAGARPALIKA BACHAT KHATA PRIDE
PDSC208,SD616,UTKRISTA TILOTTAMA NAGARPALIKA BACHAT KHATA - AMBASSADOR ONLINE
PDSC735,SD697,UTKRISTA HARIPUR NAGARPALIKA BACHAT KHATA - AMBASSADOR ONLINE
PDSC1326,SD744,UTKRISTA REMITTANCE BACHAT KHATA-GENERAL
PDSC1556,SD750,UTKRISTA PAYROLL BACHAT KHATA-PRIDE ONLINE
PDSC341,SD755,UTKRISTA PAYROLL BUNDLED SAHAJ BACHAT KHATA
PDSC626,SD683,UTKRISTA GUJARA NAGARPALIKA BACHAT KHATA PRIDE ONLINE
PDSC1619,SD498,UTKRISTA GODAWARI NAGARPALIKA - KAILALI BACHAT KHATA- PARTNER ONLINE
PDSC1330,SD651,UTKRISTA RAJPUR GAUNPALIKA BACHAT KHATA- PARTNER ONLINE
PDSC164,SD687,UTKRISTA SURYABINAYAK NAGARPALIKA BACHAT KHATA- PARTNER ONLINE
PDSC1870,SD693,UTKRISTA HARIPURWA NAGARPALIKA BACHAT KHATA- PARTNER ONLINE
PDSC251,SD745,UTKRISTA PAYROLL BACHAT KHATA-AMBASSADOR
PDSC149,SD316,UTKRISTA BUDHIGANGA GAUPALIKA BACHAT KHATA AMBASSADOR
PDSC1459,SD320,UTKRISTA BANDIPUR GAUNPALIKA BACHAT KHATA PRIDE
PDSC692,SD655,UTKRISTA BARJU GAUPALIKA BACHAT KHATA - AMBASSADOR ONLINE
PDSC1258,SD676,UTKRISTA GODAWARI NAGARPALIKA - LALITPUR BACHAT KHATA - AMBASSADOR ONLINE
PDSC1711,SD685,UTKRISTA SURYABINAYAK NAGARPALIKA BACHAT KHATA - AMBASSADOR ONLINE
PDSC453,SD686,UTKRISTA SURYABINAYAK NAGARPALIKA BACHAT KHATA PRIDE ONLINE
PDSC1041,SD569,UTKRISTA BUDHIGANGA GAUPALIKA BACHAT KHATA PRIDE ONLINE
PDSC831,SD326,UTKRISTA BALARA NAGARPALIKA BACHAT KHATA PRIDE
PDSC685,SD341,UTKRISTA BAUDHIMAI NAGARPALIKA BACHAT KHATA PRIDE
PDSC1106,SD527,UTKRISTA BIDEHA NAGARPALIKA BACHAT KHATA PRIDE ONLINE
PDSC1788,SD688,UTKRISTA SIYARI GAUNPALIKA BACHAT KHATA - AMBASSADOR ONLINE
PDSC1042,SD509,UTKRISTA JEERABHAWANI GAUNPALIKA BACHAT KHATA PRIDE ONLINE
PDSC1150,SD550,UTKRISTA ROHINI GAUPALIKA BACHAT KHATA - AMBASSADOR ONLINE
PDSC119,SD539,UTKRISTA NALGAD NAGARPALIKA BACHAT KHATA PRIDE ONLINE
PDSC634,SD709,UTKRISTA KATHMANDU MAHANAGARPALIKA BACHAT KHATA - AMBASSADOR ONLINE
PDSC1083,SD528,UTKRISTA BIDEHA NAGARPALIKA BACHAT KHATA- PARTNER ONLINE
PDSC318,SD736,UTKRISTA PANCHAKANYA  GAUPALIKA BACHAT KHATA PARTNER
PDSC1842,SD738,UTKRISTA PANCHAKANYA GAUPALIKA BACHAT KHATA PRIDE ONLINE
PDSC209,SD739,UTKRISTA PANCHAKANYA GAUPALIKA BACHAT KHATA PARTNER ONLINE
PDSC1492,SD436,UTKRISTA SIYARI GAUNPALIKA BACHAT KHATA AMBASSADOR
PDSC1829,SD457,UTKRISTA KATHMANDU MAHANAGARPALIKA BACHAT KHATA AMBASSADOR
PDSC226,SD460,UTKRISTA KABILASI NAGARPALIKA BACHAT KHATA AMBASSADOR
PDSC1430,SD463,UTKRISTA AADHIKHOLA GAUPALIKA BACHAT KHATA AMBASSADOR
PDSC1340,SD305,UTKRISTA DUDUWA GAUNPALIKA BACHAT KHATA PRIDE
PDSC124,SD494,UTKRISTA TOKHA NAGARPALIKA BACHAT KHATA PRIDE ONLINE
PDSC1240,SD646,UTKRISTA GADHAWA GAUPALIKA BACHAT KHATA - AMBASSADOR ONLINE
PDSC977,SD667,UTKRISTA ARJUNDHARA MUNCIPALITY BACHAT KHATA - AMBASSADOR ONLINE
PDSC1281,SD399,UTKRISTA RAJPUR GAUPALIKA BACHAT KHATA PARTNER
PDSC263,SD286,UTKRISTA NALGAD NAGARPALIKA BACHAT KHATA AMBASSADOR
PDSC1660,SD354,UTKRISTA BHIMPHEDI GAUNPALIKA BACHAT KHATA PARTNER
PDSC1690,SD369,UTKRISTA CHAKRAGHATTA GAUNPALIKA BACHAT KHATA PARTNER
PDSC987,SD435,UTKRISTA SURYABINAYAK NAGARPALIKA BACHAT KHATA PARTNER
PDSC1103,SD466,UTKRISTA BAIJANATH GAUNPALIKA BACHAT KHATA AMBASSADOR ONLINE
PDSC914,SD467,UTKRISTA BAIJANATH GAUNPALIKA BACHAT KHATA PRIDE ONLINE
PDSC765,SD472,UTKRISTA KHAJURA GAUNPALIKA BACHAT KHATA - AMBASSADOR ONLINE
PDSC796,SD481,UTKRISTA GARUDA NAGARPALIKA BACHAT KHATA - AMBASSADOR ONLINE
PDSC1423,SD493,UTKRISTA TOKHA NAGARPALIKA BACHAT KHATA - AMBASSADOR ONLINE
PDSC1288,SD505,UTKRISTA JAGARNATHPUR GAUPALIKA BACHAT KHATA - AMBASSADOR ONLINE
PDSC1108,SD473,UTKRISTA KHAJURA GAUNPALIKA BACHAT KHATA PRIDE ONLINE
PDSC1369,SD504,UTKRISTA CHHIPAHARMAI GAUPALIKA BACHAT KHATA- PARTNER ONLINE
PDSC1287,SD507,UTKRISTA JAGARNATHPUR GAUPALIKA BACHAT KHATA- PARTNER ONLINE
PDSC233,SD579,UTKRISTA BALARA NAGARPALIKA BACHAT KHATA- PARTNER ONLINE
PDSC1815,SD480,UTKRISTA DEVDAHA NAGARPALIKA BACHAT KHATA- PARTNER ONLINE
PDSC1822,SD555,UTKRISTA DHANUSADHAM NAGARPALIKA BACHAT KHATA- PARTNER ONLINE
PDSC475,SD609,UTKRISTA BHIMAD NAGARPALIKA BACHAT KHATA- PARTNER ONLINE
PDSC1307,SD663,UTKRISTA KATAHARIYA NAGARPALIKA BACHAT KHATA- PARTNER ONLINE
PDSC606,SD681,UTKRISTA TARAKESHWOR NAGARPALIKA BACHAT KHATA- PARTNER ONLINE
PDSC961,SD705,UTKRISTA KAILARI GAUNPALIKA BACHAT KHATA- PARTNER ONLINE
PDSC1765,SD356,UTKRISTA BHIMAD NAGARPALIKA BACHAT KHATA PRIDE
PDSC1417,SD361,UTKRISTA THAKURBABA NAGARPALIKA BACHAT KHATA AMBASSADOR
PDSC1834,SD497,UTKRISTA GODAWARI NAGARPALIKA - KAILALI BACHAT KHATA PRIDE ONLINE
PDSC492,SD508,UTKRISTA JEERABHAWANI GAUNPALIKA BACHAT KHATA - AMBASSADOR ONLINE
PDSC784,SD514,UTKRISTA BARABARDIYA NAGARPALIKA BACHAT KHATA - AMBASSADOR ONLINE
PDSC378,SD520,UTKRISTA JHAPA GAUPALIKA BACHAT KHATA - AMBASSADOR ONLINE
PDSC733,SD526,UTKRISTA BIDEHA NAGARPALIKA BACHAT KHATA - AMBASSADOR ONLINE
PDSC405,SD529,UTKRISTA MAHALAXMI NAGARPALIKA BACHAT KHATA - AMBASSADOR ONLINE
PDSC857,SD533,UTKRISTA TIRAHUT GAUPALIKA BACHAT KHATA PRIDE ONLINE
PDSC1471,SD553,UTKRISTA DHANUSADHAM NAGARPALIKA BACHAT KHATA - AMBASSADOR ONLINE
PDSC576,SD242,UTKRISTA TOKHA NAGARPALIKA BACHAT KHATA PRIDE
PDSC1044,SD253,UTKRISTA JAGARNATHPUR GAUPALIKA BACHAT KHATA AMBASSADOR
PDSC1040,SD312,UTKRISTA DEWANGUNJ GAUNPALIKA BACHAT KHATA PARTNER
PDSC1807,SD447,UTKRISTA HARIPUR NAGARPALIKA BACHAT KHATA PARTNER
PDSC1142,SD391,UTKRISTA DHOBINI GAUPALIKA BACHAT KHATA AMBASSADOR
PDSC1145,SD407,UTKRISTA KERABARI GAUPALIKA BACHAT KHATA PRIDE
PDSC49,SD413,UTKRISTA BIRTAMOD NAGARPALIKA BACHAT KHATA PRIDE
PDSC1102,SD503,UTKRISTA CHHIPAHARMAI GAUPALIKA BACHAT KHATA PRIDE ONLINE
PDSC476,SD545,UTKRISTA DUHABI NAGARPALIKA BACHAT KHATA PRIDE ONLINE
PDSC334,SD595,UTKRISTA KACHANKAWAL GAUPALIKA BACHAT KHATA - AMBASSADOR ONLINE
PDSC859,SD625,UTKRISTA MAHARAJGUNJ NAGARPALIKA BACHAT KHATA - AMBASSADOR ONLINE
PDSC975,SD628,UTKRISTA KANCHAN GAUPALIKA BACHAT KHATA - AMBASSADOR ONLINE
PDSC618,SD637,UTKRISTA RAPTI NAGARPALIKA BACHAT KHATA - AMBASSADOR ONLINE
PDSC1220,SD640,UTKRISTA RIBDIKOT GAUPALIKA BACHAT KHATA - AMBASSADOR ONLINE
PDSC1315,SD643,UTKRISTA DHOBINI GAUPALIKA BACHAT KHATA - AMBASSADOR ONLINE
PDSC159,SD376,UTKRISTA KANCHAN GAUPALIKA BACHAT KHATA AMBASSADOR
PDSC720,SD382,UTKRISTA KANEPOKHARI GAUPALIKA BACHAT KHATA AMBASSADOR
PDSC1566,SD386,UTKRISTA RAPTI NAGARPALIKA BACHAT KHATA PRIDE
PDSC1250,SD389,UTKRISTA RIBDIKOT GAUPALIKA BACHAT KHATA PRIDE
PDSC839,SD401,UTKRISTA LOHARPATTI MUSAGARMATHAIPALITY BACHAT KHATA PRIDE
PDSC401,SD661,UTKRISTA KATAHARIYA NAGARPALIKA BACHAT KHATA - AMBASSADOR ONLINE
PDSC759,SD668,UTKRISTA ARJUNDHARA MUNCIPALITY BACHAT KHATA PRIDE ONLINE
PDSC1134,SD704,UTKRISTA KAILARI GAUNPALIKA BACHAT KHATA PRIDE ONLINE
PDSC120,SD710,UTKRISTA KATHMANDU MAHANAGARPALIKA BACHAT KHATA PRIDE ONLINE
PDSC1579,SD573,UTKRISTA BANDIPUR GAUNPALIKA BACHAT KHATA- PARTNER ONLINE
PDSC249,SD627,UTKRISTA MAHARAJGUNJ NAGARPALIKA BACHAT KHATA- PARTNER ONLINE
PDSC1871,SD666,UTKRISTA BIRTAMOD NAGARPALIKA BACHAT KHATA- PARTNER ONLINE
PDSC1336,SD672,UTKRISTA SABAILA NAGARPALIKA BACHAT KHATA- PARTNER ONLINE
PDSC1704,SD394,UTKRISTA GADHAWA GAUPALIKA BACHAT KHATA AMBASSADOR
PDSC716,SD416,UTKRISTA ARJUNDHARA MUNCIPALITY BACHAT KHATA PRIDE
PDSC1502,SD428,UTKRISTA TARAKESHWOR NAGARPALIKA BACHAT KHATA PRIDE
PDSC213,SD462,UTKRISTA KABILASI NAGARPALIKA BACHAT KHATA PARTNER
PDSC273,SD682,UTKRISTA GUJARA NAGARPALIKA BACHAT KHATA - AMBASSADOR ONLINE
PDSC1171,SD712,UTKRISTA KABILASI NAGARPALIKA BACHAT KHATA - AMBASSADOR ONLINE
PDSC1716,SD596,UTKRISTA KACHANKAWAL GAUPALIKA BACHAT KHATA PRIDE ONLINE
PDSC629,SD599,UTKRISTA BARDAGORIYA GAUNPALIKA BACHAT KHATA PRIDE ONLINE
PDSC1628,SD602,UTKRISTA BHAGWANPUR GAUPALIKA BACHAT KHATA PRIDE ONLINE
PDSC1039,SD605,UTKRISTA BHIMPHEDI GAUPALIKA BACHAT KHATA PRIDE ONLINE
PDSC451,SD611,UTKRISTA SUNWAL NAGARPALIKA BACHAT KHATA PRIDE ONLINE
PDSC1451,SD614,UTKRISTA THAKURBABA NAGARPALIKA BACHAT KHATA PRIDE ONLINE
PDSC1007,SD434,UTKRISTA SURYABINAYAK NAGARPALIKA BACHAT KHATA PRIDE
PDSC1456,SD440,UTKRISTA HARIPURWA NAGARPALIKA BACHAT KHATA PRIDE
PDSC269,SD418,UTKRISTA SABAILA NAGARPALIKA BACHAT KHATA AMBASSADOR
PDSC1530,SD515,UTKRISTA BARABARDIYA NAGARPALIKA BACHAT KHATA PRIDE ONLINE
PDSC1506,SD660,UTKRISTA KERABARI GAUPALIKA BACHAT KHATA- PARTNER ONLINE
PDSC448,SD711,UTKRISTA KATHMANDU MAHANAGARPALIKA BACHAT KHATA- PARTNER ONLINE
PDSC852,SD303,UTKRISTA DHANUSADHAM NAGARPALIKA BACHAT KHATA PARTNER
PDSC1414,SD323,UTKRISTA BARDAGHAT NAGARPALIKA BACHAT KHATA PRIDE
PDSC1155,SD420,UTKRISTA SABAILA NAGARPALIKA BACHAT KHATA PARTNER
PDSC1035,SD632,UTKRISTA MIRCHAIYA NAGARPALIKA BACHAT KHATA PRIDE ONLINE
PDSC1125,SD638,UTKRISTA RAPTI NAGARPALIKA BACHAT KHATA PRIDE ONLINE
PDSC359,SD644,UTKRISTA DHOBINI GAUPALIKA BACHAT KHATA PRIDE ONLINE
PDSC1188,SD677,UTKRISTA GODAWARI NAGARPALIKA - LALITPUR BACHAT KHATA PRIDE ONLINE
PDSC1719,SD695,UTKRISTA CHANDRAGIRI MUSAGARMATHAIPALITY BACHAT KHATA PRIDE ONLINE
PDSC1521,SD474,UTKRISTA KHAJURA GAUNPALIKA BACHAT KHATA- PARTNER ONLINE
PDSC1574,SD483,UTKRISTA GARUDA NAGARPALIKA BACHAT KHATA- PARTNER ONLINE
PDSC459,SD516,UTKRISTA BARABARDIYA NAGARPALIKA BACHAT KHATA- PARTNER ONLINE
PDSC1715,SD388,UTKRISTA RIBDIKOT GAUPALIKA BACHAT KHATA AMBASSADOR
PDSC51,SD459,UTKRISTA KATHMANDU MAHANAGARPALIKA BACHAT KHATA PARTNER
PDSC236,SD406,UTKRISTA KERABARI GAUPALIKA BACHAT KHATA AMBASSADOR
PDSC1080,SD610,UTKRISTA SUNWAL NAGARPALIKA BACHAT KHATA - AMBASSADOR ONLINE
PDSC239,SD601,UTKRISTA BHAGWANPUR GAUPALIKA BACHAT KHATA - AMBASSADOR ONLINE
PDSC127,SD486,UTKRISTA GAIDAHAWA GAUPALIKA BACHAT KHATA- PARTNER ONLINE
PDSC410,SD489,UTKRISTA GAURADAHA NAGARPALIKA BACHAT KHATA- PARTNER ONLINE
PDSC817,SD495,UTKRISTA TOKHA NAGARPALIKA BACHAT KHATA- PARTNER ONLINE
PDSC110,SD564,UTKRISTA DEWANGUNJ GAUPALIKA BACHAT KHATA- PARTNER ONLINE
PDSC1470,SD570,UTKRISTA BUDHIGANGA GAUPALIKA BACHAT KHATA- PARTNER ONLINE
PDSC438,SD585,UTKRISTA BUDDHASHANTI GAUPALIKA BACHAT KHATA- PARTNER ONLINE
PDSC1237,SD606,UTKRISTA BHIMPHEDI GAUPALIKA BACHAT KHATA- PARTNER ONLINE
PDSC1814,SD329,UTKRISTA BANSGADHI MUSAGARMATHAIPAITY BACHAT KHATA PRIDE
PDSC1538,SD365,UTKRISTA TILOTTAMA NAGARPALIKA BACHAT KHATA PRIDE
PDSC966,SD367,UTKRISTA CHAKRAGHATTA GAUNPALIKA BACHAT KHATA AMBASSADOR
PDSC316,SD397,UTKRISTA RAJPUR GAUNPALIKA BACHAT KHATA AMBASSADOR
PDSC463,SD422,UTKRISTA SAMSI GAUPALIKA BACHAT KHATA PRIDE
PDSC808,SD437,UTKRISTA SIYARI GAUNPALIKA BACHAT KHATA PRIDE
PDSC76,SD525,UTKRISTA RAMDHUNI NAGARPALIKA BACHAT KHATA- PARTNER ONLINE
PDSC767,SD534,UTKRISTA TIRAHUT GAUPALIKA BACHAT KHATA- PARTNER ONLINE
PDSC257,SD722,UTKRISTA NARAHA GAUPALIKA BACHAT KHATA - AMBASSADOR
PDSC1441,SD723,UTKRISTA NARAHA GAUPALIKA BACHAT KHATA - PRIDE
PDSC1852,SD725,UTKRISTA NARAHA GAUPALIKA BACHAT KHATA - AMBASSADOR ONLINE
PDSC712,SD726,UTKRISTA NARAHA GAUPALIKA BACHAT KHATA - PRIDE ONLINE
PDSC669,SD728,DIAMOND JPY SAVINGS  DEPOSIT
PDSC221,SD381,UTKRISTA MIRCHAIYA NAGARPALIKA BACHAT KHATA PARTNER
PDSC1694,SD262,UTKRISTA BARABARDIYA NAGARPALIKA BACHAT KHATA AMBASSADOR
PDSC799,SD251,UTKRISTA CHHIPAHARMAI GAUPALIKA BACHAT KHATA PRIDE
PDSC1851,SD254,UTKRISTA JAGARNATHPUR GAUPALIKA BACHAT KHATA PRIDE
PDSC533,SD309,UTKRISTA ANNAPURNA GAUNPALIKA BACHAT KHATA PARTNER
PDSC144,SD393,UTKRISTA DHOBINI GAUPALIKA BACHAT KHATA PARTNER
PDSC404,SD274,UTKRISTA BIDEHA NAGARPALIKA BACHAT KHATA AMBASSADOR
PDSC842,SD716,UTKRISTA AADHIKHOLA GAUPALIKA BACHAT KHATA PRIDE ONLINE
PDSC1140,SD648,UTKRISTA GADHAWA GAUPALIKA BACHAT KHATA- PARTNER ONLINE
PDSC1037,SD409,UTKRISTA KATAHARIYA NAGARPALIKA BACHAT KHATA AMBASSADOR
PDSC480,SD421,UTKRISTA SAMSI GAUPALIKA BACHAT KHATA AMBASSADOR
PDSC1474,SD424,UTKRISTA GODAWARI NAGARPALIKA LALITPUR BACHAT KHATA AMBASSADOR
PDSC1101,SD548,UTKRISTA DEVCHULI NAGARPALIKA BACHAT KHATA PRIDE ONLINE
PDSC882,SD574,UTKRISTA BARDAGHAT NAGARPALIKA BACHAT KHATA - AMBASSADOR ONLINE
PDSC874,SD563,UTKRISTA DEWANGUNJ GAUPALIKA BACHAT KHATA PRIDE ONLINE
PDSC416,SD729,SAGARMATHA WALLET ACCOUNT
PDSC762,SD269,UTKRISTA JHAPA GAUPALIKA BACHAT KHATA PRIDE
PDSC1309,SD372,UTKRISTA MAHADEWA GAUNPALIKA BACHAT KHATA PARTNER
PDSC1255,SD301,UTKRISTA DHANUSADHAM NAGARPALIKA BACHAT KHATA AMBASSADOR
PDSC654,SD411,UTKRISTA KATAHARIYA NAGARPALIKA BACHAT KHATA PARTNER
PDSC1185,SD469,UTKRISTA JANAKI GAUNPALIKA BACHAT KHATA AMBASSADOR ONLINE
PDSC1347,SD374,UTKRISTA MAHARAJGUNJ NAGARPALIKA BACHAT KHATA PRIDE
PDSC1499,SD450,UTKRISTA BAGMATI NAGARPALIKA BACHAT KHATA PARTNER
PDSC964,SD385,UTKRISTA RAPTI NAGARPALIKA BACHAT KHATA AMBASSADOR
PDSC1534,SD512,UTKRISTA KAMALA MUSAGARMATHAIPALITY BACHAT KHATA PRIDE ONLINE
PDSC1349,SD631,UTKRISTA MIRCHAIYA NAGARPALIKA BACHAT KHATA - AMBASSADOR ONLINE
PDSC1122,SD664,UTKRISTA BIRTAMOD NAGARPALIKA BACHAT KHATA - AMBASSADOR ONLINE
PDSC1267,SD706,UTKRISTA PAKHRIBAS NAGARPALIKA BACHAT KHATA - AMBASSADOR ONLINE
PDSC467,SD584,UTKRISTA BUDDHASHANTI GAUPALIKA BACHAT KHATA PRIDE ONLINE
PDSC1613,SD641,UTKRISTA RIBDIKOT GAUPALIKA BACHAT KHATA PRIDE ONLINE
PDSC23,SD308,UTKRISTA ANNAPURNA GAUPALIKA BACHAT KHATA PRIDE
PDSC1653,SD319,UTKRISTA BANDIPUR GAUNPALIKA BACHAT KHATA AMBASSADOR
PDSC1213,SD448,UTKRISTA BAGMATI NAGARPALIKA BACHAT KHATA AMBASSADOR
PDSC710,SD578,UTKRISTA BALARA NAGARPALIKA BACHAT KHATA PRIDE ONLINE
PDSC500,SD593,UTKRISTA BAUDHIMAI NAGARPALIKA BACHAT KHATA PRIDE ONLINE
PDSC171,SD629,UTKRISTA KANCHAN GAUPALIKA BACHAT KHATA PRIDE ONLINE
PDSC644,SD250,UTKRISTA CHHIPAHARMAI GAUPALIKA BACHAT KHATA AMBASSADOR
PDSC609,SD245,UTKRISTA GODAWARI NAGARPALIKA KAILALI BACHAT KHATA  PRIDE
PDSC903,SD272,UTKRISTA RAMDHUNI NAGARPALIKA BACHAT KHATA PRIDE
PDSC1464,SD348,UTKRISTA BARDAGORIYA GAUNPALIKA BACHAT KHATA PARTNER
PDSC881,SD351,UTKRISTA BHAGWANPUR GAUNPALIKA BACHAT KHATA PARTNER
PDSC504,SD572,UTKRISTA BANDIPUR GAUNPALIKA BACHAT KHATA PRIDE ONLINE
PDSC1562,SD581,UTKRISTA BANSGADHI MUSAGARMATHAIPAITY BACHAT KHATA PRIDE ONLINE
PDSC82,SD623,UTKRISTA MAHADEWA GAUPALIKA BACHAT KHATA PRIDE ONLINE
PDSC58,SD471,UTKRISTA JANAKI GAUNPALIKA BACHAT KHATA- PARTNER ONLINE
PDSC1355,SD727,UTKRISTA NARAHA GAUPALIKA BACHAT KHATA - PARTNER ONLINE
PDSC1216,SD758,UTKRISTA HYBRID BACHAT KHATA
PDSC517,SD701,UTKRISTA BAGMATI NAGARPALIKA BACHAT KHATA PRIDE ONLINE
PDSC1015,SD707,UTKRISTA PAKHRIBAS NAGARPALIKA BACHAT KHATA PRIDE ONLINE
PDSC724,SD307,UTKRISTA ANNAPURNA GAUPALIKA BACHAT KHATA AMBASSADOR
PDSC337,SD296,UTKRISTA DEVCHULI NAGARPALIKA BACHAT KHATA PRIDE
PDSC1636,SD302,UTKRISTA DHANUSADHAM NAGARPALIKA BACHAT KHATA PRIDE
PDSC509,SD322,UTKRISTA BARDAGHAT NAGARPALIKA BACHAT KHATA AMBASSADOR
PDSC242,SD417,UTKRISTA ARJUNDHARA MUNCIPALITY BACHAT KHATA PARTNER
PDSC1733,SD334,UTKRISTA BEDKOT NAGARPALIKA BACHAT KHATA AMBASSADOR
PDSC1808,SD737,UTKRISTA PANCHAKANYA GAUPALIKA BACHAT KHATA AMBASSADOR ONLINE
PDSC1599,SD331,UTKRISTA BUDDHASHANTI GAUPALIKA BACHAT KHATA AMBASSADOR
PDSC671,SD652,UTKRISTA LOHARPATTI MUSAGARMATHAIPALITY BACHAT KHATA - AMBASSADOR ONLINE
PDSC1845,SD732,UTKRISTA MAHAGADHIMAI NAGARPALIKA BACHAT KHATA - PARTNER
PDSC1615,SD734,UTKRISTA PANCHAKANYA GAUPALIKA BACHAT KHATA AMBASSADOR
PDSC441,SD264,UTKRISTA BARABARDIYA NAGARPALIKA BACHAT KHATA PARTNER
PDSC244,SD236,UTKRISTA GAURADAHA NAGARPALIKA BACHAT KHATA PRIDE
PDSC398,SD279,UTKRISTA MAHALAXMI NAGARPALIKA BACHAT KHATA - PARTNER
PDSC523,SD291,UTKRISTA SHUKLAGANDAKI NAGARPALIKA BACHAT KHATA PARTNER
PDSC511,SD297,UTKRISTA DEVCHULI NAGARPALIKA BACHAT KHATA PARTNER
PDSC764,SD300,UTKRISTA ROHINI GAUNPALIKA BACHAT KHATA PARTNER
PDSC1448,SD487,UTKRISTA GAURADAHA NAGARPALIKA BACHAT KHATA - AMBASSADOR ONLINE
PDSC646,SD565,UTKRISTA GRAMTHAN GAUPALIKA BACHAT KHATA - AMBASSADOR ONLINE
PDSC1536,SD589,UTKRISTA RAMPRASADRAI GAUPALIKA BACHAT KHATA - AMBASSADOR ONLINE
PDSC1230,SD746,UTKRISTA PAYROLL BACHAT KHATA-PRIDE
PDSC1051,SD340,UTKRISTA BAUDHIMAI NAGARPALIKA BACHAT KHATA AMBASSADOR
PDSC984,SD426,UTKRISTA GODAWARI NAGARPALIKA - LALITPUR BACHAT KHATA PARTNER
PDSC357,SD344,UTKRISTA KACHANKAWAL GAUPALIKA BACHAT KHATA PRIDE
PDSC66,SD608,UTKRISTA BHIMAD NAGARPALIKA BACHAT KHATA PRIDE ONLINE
PDSC1650,SD621,UTKRISTA CHAKRAGHATTA GAUNPALIKA BACHAT KHATA- PARTNER ONLINE
PDSC650,SD639,UTKRISTA RAPTI NAGARPALIKA BACHAT KHATA- PARTNER ONLINE
PDSC603,SD642,UTKRISTA RIBDIKOT GAUPALIKA BACHAT KHATA- PARTNER ONLINE
PDSC1642,SD690,UTKRISTA SIYARI GAUNPALIKA BACHAT KHATA- PARTNER ONLINE
PDSC558,SD702,UTKRISTA BAGMATI NAGARPALIKA BACHAT KHATA- PARTNER ONLINE
PDSC800,SD718,UTKRISTA BUNDLED SAHAJ BACHAT KHATA ONLINE
PDSC925,SD719,UTKRISTA REMITTANCE BACHAT KHATA - AMBASSADOR ONLINE
PDSC1706,SD270,UTKRISTA JHAPA GAUNPALIKA BACHAT KHATA PARTNER
PDSC527,SD239,UTKRISTA GAURIGUNJ GAUNPALIKA BACHAT KHATA  PRIDE
PDSC553,SD282,UTKRISTA TIRAHUT GAUNPALIKA BACHAT KHATA PARTNER
PDSC846,SD285,UTKRISTA KAGESHWORI MANOHARA NAGARPALIKA BACHAT KHATA PARTNER
PDSC1827,SD259,UTKRISTA KAMALA MUSAGARMATHAIPALITY BACHAT KHATA AMBASSADOR
PDSC822,SD747,UTKRISTA PAYROLL BACHAT KHATA-PARTNER
PDSC812,SD751,UTKRISTA PAYROLL BACHAT KHATA-PARTNER ONLINE
PDSC892,SD752,UTKRISTA PAYROLL BACHAT KHATA-GENERAL ONLINE
PDSC896,SD753,UTKRISTA SUNYA MAUJAT BACHAT KHATA ONLINE
PDSC756,SD347,UTKRISTA BARDAGORIYA GAUNPALIKA BACHAT KHATA PRIDE
PDSC976,SD355,UTKRISTA BHIMAD NAGARPALIKA BACHAT KHATA AMBASSADOR
PDSC708,SD350,UTKRISTA BHAGWANPUR GAUPALIKA BACHAT KHATA PRIDE
PDSC1484,SD358,UTKRISTA SUNWAL NAGARPALIKA BACHAT KHATA AMBASSADOR
PDSC1494,SD362,UTKRISTA THAKURBABA NAGARPALIKA BACHAT KHATA PRIDE
PDSC1833,SD479,UTKRISTA DEVDAHA NAGARPALIKA BACHAT KHATA PRIDE ONLINE
PDSC1197,SD708,UTKRISTA PAKHRIBAS NAGARPALIKA BACHAT KHATA- PARTNER ONLINE
PDSC1786,SD247,UTKRISTA GAURIGANGA NAGARPALIKA BACHAT KHATA AMBASSADOR
PDSC1043,SD276,UTKRISTA BIDEHA NAGARPALIKA BACHAT KHATA PARTNER
PDSC957,SD294,UTKRISTA DUHABI NAGARPALIKA BACHAT KHATA PARTNER
PDSC983,SD387,UTKRISTA RAPTI NAGARPALIKA BACHAT KHATA PARTNER
PDSC461,SD390,UTKRISTA RIBDIKOT GAUPALIKA BACHAT KHATA PARTNER
PDSC44,SD321,UTKRISTA BANDIPUR GAUNPALIKA BACHAT KHATA PARTNER
PDSC1176,SD377,UTKRISTA KANCHAN GAUPALIKA BACHAT KHATA PRIDE
PDSC1587,SD530,UTKRISTA MAHALAXMI NAGARPALIKA BACHAT KHATA PRIDE ONLINE
PDSC1544,SD556,UTKRISTA DUDUWA GAUNPALIKA BACHAT KHATA - AMBASSADOR ONLINE
PDSC1490,SD577,UTKRISTA BALARA NAGARPALIKA BACHAT KHATA - AMBASSADOR ONLINE
PDSC1397,SD592,UTKRISTA BAUDHIMAI NAGARPALIKA BACHAT KHATA - AMBASSADOR ONLINE
PDSC1580,SD522,UTKRISTA JHAPA GAUPALIKA BACHAT KHATA- PARTNER ONLINE
PDSC194,SD549,UTKRISTA DEVCHULI NAGARPALIKA BACHAT KHATA- PARTNER ONLINE
PDSC665,SD558,UTKRISTA DUDUWA GAUNPALIKA BACHAT KHATA- PARTNER ONLINE
PDSC296,SD567,UTKRISTA GRAMTHAN GAUPALIKA BACHAT KHATA- PARTNER ONLINE
PDSC700,SD612,UTKRISTA SUNWAL NAGARPALIKA BACHAT KHATA- PARTNER ONLINE
PDSC681,SD645,UTKRISTA DHOBINI GAUPALIKA BACHAT KHATA- PARTNER ONLINE
PDSC1873,SD714,UTKRISTA KABILASI NAGARPALIKA BACHAT KHATA- PARTNER ONLINE
PDSC1509,SD330,UTKRISTA BANSGADHI MUSAGARMATHAIPAITY BACHAT KHATA PARTNER
PDSC445,SD396,UTKRISTA GADHAWA GAUPALIKA BACHAT KHATA PARTNER
PDSC706,SD277,UTKRISTA MAHALAXMI NAGARPALIKA BACHAT KHATA AMBASSADOR
PDSC335,SD336,UTKRISTA BEDKOT NAGARPALIKA BACHAT KHATA PARTNER
PDSC628,SD339,UTKRISTA RAMPRASADRAI GAUNPALIKA BACHAT KHATA PARTNER
PDSC161,SD647,UTKRISTA GADHAWA GAUPALIKA BACHAT KHATA PRIDE ONLINE
PDSC197,SD452,UTKRISTA KAILARI GAUNPALIKA BACHAT KHATA PRIDE
PDSC1259,SD451,UTKRISTA KAILARI GAUNPALIKA BACHAT KHATA AMBASSADOR
PDSC115,SD454,UTKRISTA PAKHRIBAS NAGARPALIKA BACHAT KHATA AMBASSADOR
PDSC162,SD724,UTKRISTA NARAHA GAUPALIKA BACHAT KHATA - PARTNER
PDSC1859,SD733,KMC PENSION AMBASSADOR ACCOUNT
PDSC652,SD649,UTKRISTA RAJPUR GAUNPALIKA BACHAT KHATA - AMBASSADOR ONLINE
PDSC134,SD576,UTKRISTA BARDAGHAT NAGARPALIKA BACHAT KHATA- PARTNER ONLINE
PDSC153,SD594,UTKRISTA BAUDHIMAI NAGARPALIKA BACHAT KHATA- PARTNER ONLINE
PDSC255,SD740,UTKRISTA 10X REMITTANCE BACHAT YOJANA
PDSC545,SD346,UTKRISTA BARDAGORIYA GAUNPALIKA BACHAT KHATA AMBASSADOR
PDSC69,SD410,UTKRISTA KATAHARIYA NAGARPALIKA BACHAT KHATA PRIDE
PDSC789,SD453,UTKRISTA KAILARI GAUNPALIKA BACHAT KHATA PARTNER
PDSC501,SD470,UTKRISTA JANAKI GAUNPALIKA BACHAT KHATA  PRIDE ONLINE
PDSC804,SD283,UTKRISTA KAGESHWORI MANOHARA NAGARPALIKA BACHAT KHATA AMBASSADOR
PDSC625,SD357,UTKRISTA BHIMAD NAGARPALIKA BACHAT KHATA PARTNER
PDSC22,SD275,UTKRISTA BIDEHA NAGARPALIKA BACHAT KHATA PRIDE
PDSC801,SD281,UTKRISTA TIRAHUT GAUPALIKA BACHAT KHATA PRIDE
PDSC391,SD310,UTKRISTA DEWANGUNJ GAUPALIKA BACHAT KHATA AMBASSADOR
PDSC1606,SD607,UTKRISTA BHIMAD NAGARPALIKA BACHAT KHATA - AMBASSADOR ONLINE
PDSC219,SD678,UTKRISTA GODAWARI NAGARPALIKA - LALITPUR BACHAT KHATA- PARTNER ONLINE
PDSC1598,SD696,UTKRISTA CHANDRAGIRI MUSAGARMATHAIPALITY BACHAT KHATA- PARTNER ONLINE
PDSC534,SD431,UTKRISTA GUJARA NAGARPALIKA BACHAT KHATA PRIDE
PDSC1157,SD465,UTKRISTA AADHIKHOLA GAUPALIKA BACHAT KHATA PARTNER
PDSC1791,SD455,UTKRISTA PAKHRIBAS NAGARPALIKA BACHAT KHATA PRIDE
PDSC573,SD464,UTKRISTA AADHIKHOLA GAUPALIKA BACHAT KHATA PRIDE
PDSC452,SD430,UTKRISTA GUJARA NAGARPALIKA BACHAT KHATA AMBASSADOR
PDSC304,CS001,CREDIT SALE LOAN
PDSC581,SD766,UTKRISTA POSHAN BHATA BACHAT KHATA
PDSC519,SD765,NEA FAMILY BUNDLE ACCOUNT- FLEXI
PDSC346,SD764,NEA PAYROLL ACCOUNT -FLEXI
PDSC1545,CAPER,CURRENT ACCOUNT PERSONNEL
PDSC1383,CACOR,CURRENT ACCOUNT-CORPORATE
PDSC86,CA002,CURRENT ACCOUNT PLUS
PDSC1787,CA003,CURRENT A/C FOR SOCIETIES
PDSC1823,CA004,BUSINESS PRIVILEGE ACCOUN
PDSC919,CA005,EZEE CURRENT ACCOUNT
PDSC331,CA006,BAGMATI CURRENT ACCOUNT
PDSC1747,CA007,OTHERS CURRENT ACCOUNT
PDSC202,CA008,DSL CURRENT ACCOUNT
PDSC922,CA014,SAGARMATHA HEALTH SECTOR CURRENT ACCOUNT
PDSC170,CA015,SAGARMATHA QR PAYMENT
PDSC1849,CA009,SAGARMATHA COLLEGE/SCHOOL CURRENT ACCOUNT
PDSC20,CA010,SAGARMATHA UNIVERSITY CURRENT ACCOUNT
PDSC1549,DENCA,SAGARMATHA  DEVELOPMENT AND EMBASSY NGO
PDSC814,CA017,SAGARMATHA TOURISM CURRENT ACCOUNT
PDSC406,CA016,SAGARMATHA PRIORITY SECTOR CURRENT ACCOUNT
PDSC430,DEICA,SAGARMATHA DEVELOPMENT AND EMBASSY INGO
PDSC1334,DETCA,SAGARMATHA  DEVELOPMENT AND EMBASSY NPO/TRUST
PDSC261,CA019,CURRENT BFI LCY DEPOSIT
PDSC672,CA020,CURRENT COOPERATIVE DEPOSIT
PDSC312,CA018,CURRENT BFI FCY DEPOSIT
PDSC1557,CA029,SWEEP IN SWEEP OUT INST-CURRENT
PDSC443,TDGEN,FIXED DEPOSIT - GENERAL
PDSC289,TDCOR,FIXED DEPOSIT - CORPORATE
PDSC642,TD03,FIXED DEP-OVER 2 YEARS
PDSC1278,TDMAT,FIXED DEP COR - MATURITY
PDSC143,TDUNL,FIXED DEP- UNLIMITED
PDSC477,TDCHF,FIXED DEPOSIT HY- CORP
PDSC184,TDCYR,FIXED DEPOSIT  CORP-YEAR
PDSC1437,TDGHF,FIXED DEP.  GEN-HALFYEAR
PDSC83,TDGYR,FIXED DEP GEN-YEARLY
PDSC185,TDGMT,TERM DEPOSIT MATURITY
PDSC543,TDMGT,FIXED DEP - MATURITY
PDSC861,TDCH3,FIXED DEP COR-HALFYEAR 3Y
PDSC1421,TDSCM,FD - BOA SR CTZN MONTHLY
PDSC1578,TDMCP,FD - BOA SR CTZN MATURITY
PDSC118,IBBOR,IB BORROWING
PDSC1539,TDSMU,BOA SAMUNNATI FIXED
PDSC604,TDDBY,BOA DHANBARSHA - MATURITY
PDSC683,TDDBM,FD - BOA DHAN BARSA MUDDA
PDSC1855,TDDB3,FD - BOA DHAN BARS > 2YRS
PDSC717,IBUSD,IB BORROWING USD
PDSC1736,FD025,UTTAM FIXED DEPOSIT - GOLD
PDSC1066,TDSUP,SUPER DEPOSIT ACCOUNT
PDSC1399,TDDDT,DOUBLE DEPOSIT ACCOUNT
PDSC167,IBEUR,IB BORROWING EUR
PDSC1060,IBGBP,IB BORROWING GBP
PDSC1651,TD07,FIXED DEP-OVER 7 YEARS
PDSC555,IBAUD,IB BORROWING AUD
PDSC1123,FD003,FD IND QTR < 2 YRS USD
PDSC806,FD152,FD YEARLY IND. USD
PDSC470,FD153,FD YEARLY IND. EUR
PDSC1321,FD154,FD YEARLY IND. GBP
PDSC1107,FD251,FD MATURITY INDIVIDUAL
PDSC538,FD252,FD MATURITY IND. USD
PDSC1206,FD253,FD MATURITY IND. EUR
PDSC286,FD604,FD HALF YEARLY COR. GBP
PDSC248,FD651,FD YEARLY CORPORATE
PDSC1356,FD652,FD YEARLY COR. USD
PDSC1096,FD653,FD YEARLY COR. EUR
PDSC1026,FD654,FD YEARLY COR. GBP
PDSC797,FD751,FD MATURITY CORPORATE
PDSC408,FD752,FD MATURITY COR. USD
PDSC1119,FD753,FD MATURITY COR. EUR
PDSC770,FD754,FD MATURITY COR. GBP
PDSC1121,FD701,FD CORPORATE MONTHLY
PDSC1025,FD702,FD COR. MATURITY USD 
PDSC1756,FD704,FD COR MONTHLY GBP
PDSC259,FD605,FD HALF YEARLY CORP > 2YR
PDSC1774,FD606,FD HALF YEARLY COR. USD
PDSC1771,IBBAU,INTER BANK BORROWING AUD
PDSC1139,IBBEU,INTER BANK BORROWING EUR
PDSC1367,IBBGB,INTER BANK BORROWING GBP
PDSC1053,IBBNP,INTER BANK BORROWING NPR
PDSC12,IBBUD,INTER BANK BORROWING USD
PDSC78,IBBSG,INTER BANK BORROWING SGD
PDSC965,FD801,DOUBLE DEPOSIT ACCOUNT
PDSC1075,FD804,SWORNIM FIXED 3 MONTHS
PDSC960,FD802,FD INDIVIDUAL QTR > 5 YRS
PDSC1012,FD803,FD CORPORATE QTR > 5 YRS
PDSC235,FD052,SWEEP IN SWEEP OUT INST FELXI
PDSC1652,FD805,SWORNIM FIXED 3-12 MNTH
PDSC93,RFGEN,REFINANCING GENERAL
PDSC423,RFEQF,REFINANCING EARTHQUAKE
PDSC1679,FD808,AGRIM BYAJ BHUKTANI MUDAT
PDSC422,FD809,AGRIM BYAJ BHUKTANI 3MON
PDSC176,FD810,AGRIM BYAJ BHUKTANI 6MON
PDSC954,FD811,AGRIM BYAJ BHUKTANI 9MON
PDSC963,FD807,FD IND MONTHLY> 1YR
PDSC75,FDSDC,FD STRUCT DEP CORP < 5YRS
PDSC1779,FD812,SAGARMATHA RECURRING DEPOSIT ACCOUNT
PDSC670,FD026,UTTAM FIXED DEPOSIT -DIAMOND
PDSC602,FD029,UTTAM FIXED DEPOSIT INSTITUTION GOLD
PDSC462,FD024,UTTAM FIXED DEPOSIT -SILVER
PDSC1717,FD030,UTTAM FIXED DEPOSIT -INSTITUTION-DIAMOND
PDSC643,FD028,UTTAM FIXED DEPOSIT -INSTITUTION-SILVER
PDSC950,FD027,UTTAM BACHAT KHATA- DIAMOND FD
PDSC1564,FD037,SUPER UTTAM FIXED DEPOSIT -INSTITUTION-SILVER
PDSC21,FD032,SUPER UTTAM FIXED DEP -DIAMOND INDIV
PDSC699,FD033,SUPER UTTAM FIX DEPOSIT - GOLD INDIV
PDSC1127,FD034,SUPER UTTAM FIXED DEPOSIT -SILVER INDIV
PDSC1065,FD036,SUPER UTTAM FIXED DEPOSIT INSTITUTION GOLD
PDSC979,FD035,SUPER UTTAM FIXED DEPOSIT -INSTITUTION-DIAMOND
PDSC228,FD041, SUPER UTTAM FIXED DEPOSIT -SILVER INDIVIDUAL
PDSC1669,FD042, SUPER UTTAM FIXED DEPOSIT ACCOUNT -DIAMOND INSTITUTION
PDSC880,FD038, PREM SAMUNATI BCHT KHATA NPO FD
PDSC719,FD044, SUPER UTTAM FIXED DEPOSIT -INSTITUTION-SILVER
PDSC146,FD031,SUPER UTTAM BACHAT KHATA- DIAMOND FD
PDSC557,FD039, SUPER UTTAM FIXED DEPOSIT -DIAMOND INDIVIDUAL
PDSC292,FD040, SUPER UTTAM FIXED DEPOSIT - GOLD
PDSC258,FD043, SUPER UTTAM FIXED DEPOSIT ACCOUNT- GOLD INSTITUTION
PDSC709,FD045, SUPER UTTAM BACHAT KHATA- DIAMOND FD SWEEPS
PDSC740,FD046, PREMIUM SUPER UTTAM BACHAT KHATA DIAMOND SWEEPS IN OUT
PDSC1460,FD047, PREMIUM SUPER UTTAM FIXED DEPOSIT ACCOUNT DIAMOND INVIDIDUAL
PDSC1702,FD048, PREMIUM SUPER UTTAM FIXED DEPOSIT ACCOUNT GOLD INDIV
PDSC1177,FD049, PREMIUM SUPER UTTAM FIXED DEPOSIT ACCOUNTS SILVER INDIV
PDSC1480,FD053,FIXED DEPOSIT USD FCY FLEXI
PDSC1396,FD054,UTKRISTA FIXED KHATA-FD SWEEP
PDSC1637,FD055,UTKRISTA FIXED KHATA AMBASSDOR
PDSC933,FD059,UTKRISTA FIXED KHATA PRIDE 10 YEARS
PDSC1093,FD060,UTKRISTA FIXED KHATA AMBASSDOR 10 YEARS
PDSC1838,FD061,UTKRISTA FIXED KHATA AMBASSADOR MONTHLY
PDSC280,FD301,UTKRISTA FIXED KHATA REMITTANCE QUARTERLY
PDSC863,FD307,UTKRISTA REMITTANCE FIXED KHATA - PARTNER
PDSC1270,FD305,UTKRISTA REMITTANCE FIXED KHATA - AMBASSADOR
PDSC1611,FD057,UTKRISTA FIXED KHATA PARTNER
PDSC89,FD064,UTKRISTA FIXED KHATA REMITTANCE
PDSC1187,FD306,UTKRISTA REMITTANCE FIXED KHATA - PRIDE
PDSC1199,FD056,UTKRISTA FIXED KHATA PRIDE
PDSC924,FD058,UTKRISTA FIXED KHATA PARTNER 10YEARS
PDSC827,FD062,UTKRISTA FIXED KHATA PRIDE MONTHLY
PDSC909,FD063,UTKRISTA FIXED KHATA PARTNER MONTHLY
PDSC216,FD313,UTKRISTA KHAJURA GAUNPALIKA FIXED KHATA - PARTNER
PDSC786,FD320,UTKRISTA GARUDA NAGARPALIKA FIXED KHATA - AMBASSADOR
PDSC1561,FD323,UTKRISTA GAIDAHAWA GAUPALIKA FIXED KHATA - AMBASSADOR
PDSC612,FD329,UTKRISTA GAURIGUNJ GAUNPALIKA FIXED KHATA - AMBASSADOR
PDSC992,FD341,UTKRISTA CHHIPAHARMAI GAUPALIKA FIXED KHATA - AMBASSADOR
PDSC1152,FD304,UTKRISTA BAIJANATH GAUNPALIKA FIXED KHATA - PARTNER
PDSC947,FD310,UTKRISTA JANAKI GAUNPALIKA FIXED KHATA - PARTNER
PDSC677,FD344,UTKRISTA JAGARNATHPUR GAUPALIKA FIXED KHATA - AMBASSADOR
PDSC1570,FD350,UTKRISTA KAMALA MUSAGARMATHAIPALITY FIXED KHATA - AMBASSADOR
PDSC418,FD311,UTKRISTA KHAJURA GAUNPALIKA FIXED KHATA - AMBASSADOR
PDSC1049,FD314,UTKRISTA BALEFI GAUPALIKA FIXED KHATA - AMBASSADOR
PDSC392,FD326,UTKRISTA GAURADAHA NAGARPALIKA FIXED KHATA - AMBASSADOR
PDSC1627,FD332,UTKRISTA TOKHA NAGARPALIKA FIXED KHATA - AMBASSADOR
PDSC537,FD353,UTKRISTA BARABARDIYA NAGARPALIKA FIXED KHATA - AMBASSADOR
PDSC106,FD303,UTKRISTA BAIJANATH GAUNPALIKA FIXED KHATA - PRIDE
PDSC993,FD309,UTKRISTA JANAKI GAUNPALIKA FIXED KHATA - PRIDE
PDSC1466,FD312,UTKRISTA KHAJURA GAUNPALIKA FIXED KHATA - PRIDE
PDSC1135,FD317,UTKRISTA DEVDAHA NAGARPALIKA FIXED KHATA - AMBASSADOR
PDSC1008,FD335,UTKRISTA GODAWARI NAGARPALIKA - KAILALI FIXED KHATA - AMBASSADOR
PDSC57,FD338,UTKRISTA GAURIGANGA NAGARPALIKA FIXED KHATA - AMBASSADOR
PDSC1299,FD347,UTKRISTA JEERABHAWANI GAUNPALIKA FIXED KHATA - AMBASSADOR
PDSC1109,FD356,UTKRISTA JOSHIPUR GAUNPALIKA FIXED KHATA - AMBASSADOR
PDSC1382,FD359,UTKRISTA JHAPA GAUPALIKA FIXED KHATA - AMBASSADOR
PDSC1531,FD316,UTKRISTA BALEFI GAUPALIKA FIXED KHATA - PARTNER
PDSC570,FD362,UTKRISTA RAMDHUNI NAGARPALIKA FIXED KHATA - AMBASSADOR
PDSC1212,FD365,UTKRISTA BIDEHA NAGARPALIKA FIXED KHATA - AMBASSADOR
PDSC1174,FD322,UTKRISTA GARUDA NAGARPALIKA FIXED KHATA - PARTNER
PDSC200,FD308,UTKRISTA JANAKI GAUNPALIKA FIXED KHATA - AMBASSADOR
PDSC1643,FD319,UTKRISTA DEVDAHA NAGARPALIKA FIXED KHATA - PARTNER
PDSC1067,FD368,UTKRISTA MAHALAXMI NAGARPALIKA FIXED KHATA - AMBASSADOR
PDSC761,FD361,UTKRISTA JHAPA GAUPALIKA FIXED KHATA - PARTNER
PDSC1078,FD364,UTKRISTA RAMDHUNI NAGARPALIKA FIXED KHATA - PARTNER
PDSC1289,FD381,UTKRISTA SHUKLAGANDAKI NAGARPALIKA FIXED KHATA PRIDE
PDSC182,FD455,UTKRISTA TILOTTAMA NAGARPALIKA FIXED KHATA - AMBASSADOR
PDSC187,FD373,UTKRISTA TIRAHUT GAUPALIKA FIXED KHATA - PARTNER
PDSC356,FD390,UTKRISTA ROHINI GAUPALIKA FIXED KHATA PRIDE
PDSC414,FD021,UTKRISTA HYBRID FD SWEEP KHATA -20000
PDSC1351,FD315,UTKRISTA BALEFI GAUPALIKA FIXED KHATA PRIDE
PDSC1233,FD325,UTKRISTA GAIDAHAWA GAUPALIKA FIXED KHATA - PARTNER
PDSC1649,FD328,UTKRISTA GAURADAHA NAGARPALIKA FIXED KHATA - PARTNER
PDSC282,FD331,UTKRISTA GAURIGUNJ GAUNPALIKA FIXED KHATA - PARTNER
PDSC327,FD023,UTKRISTA HYBRID FD SWEEP KHATA -100000
PDSC440,FD491,UTKRISTA LOHARPATTI MUSAGARMATHAIPALITY FIXED KHATA - AMBASSADOR
PDSC981,FD454,UTKRISTA THAKURBABA NAGARPALIKA FIXED KHATA - PARTNER
PDSC516,FD392,UTKRISTA DHANUSADHAM NAGARPALIKA FIXED KHATA - AMBASSADOR
PDSC506,FD340,UTKRISTA GAURIGANGA NAGARPALIKA FIXED KHATA - PARTNER
PDSC281,FD404,UTKRISTA GRAMTHAN GAUPALIKA FIXED KHATA - AMBASSADOR
PDSC227,FD321,UTKRISTA GARUDA NAGARPALIKA FIXED KHATA PRIDE
PDSC1741,FD405,UTKRISTA GRAMTHAN GAUPALIKA FIXED KHATA PRIDE
PDSC738,FD409,UTKRISTA BUDHIGANGA GAUPALIKA FIXED KHATA - PARTNER
PDSC1734,FD414,UTKRISTA BARDAGHAT NAGARPALIKA FIXED KHATA PRIDE
PDSC215,FD527,UTKRISTA SIYARI GAUNPALIKA FIXED KHATA - AMBASSADOR
PDSC1522,FD533,UTKRISTA CHANDRAGIRI MUSAGARMATHAIPALITY FIXED KHATA - AMBASSADOR
PDSC580,FD426,UTKRISTA BEDKOT NAGARPALIKA FIXED KHATA PRIDE
PDSC483,FD413,UTKRISTA BARDAGHAT NAGARPALIKA FIXED KHATA - AMBASSADOR
PDSC27,FD330,UTKRISTA GAURIGUNJ GAUNPALIKA FIXED KHATA PRIDE
PDSC270,FD434,UTKRISTA KACHANKAWAL GAUPALIKA FIXED KHATA - AMBASSADOR
PDSC10,FD352,UTKRISTA KAMALA MUSAGARMATHAIPALITY FIXED KHATA - PARTNER
PDSC891,FD378,UTKRISTA NALGAD NAGARPALIKA FIXED KHATA PRIDE
PDSC689,FD452,UTKRISTA THAKURBABA NAGARPALIKA FIXED KHATA - AMBASSADOR
PDSC575,FD530,UTKRISTA HARIPURWA NAGARPALIKA FIXED KHATA - AMBASSADOR
PDSC1758,FD424,UTKRISTA BUDDHASHANTI GAUPALIKA FIXED KHATA - PARTNER
PDSC1198,FD366,UTKRISTA BIDEHA NAGARPALIKA FIXED KHATA PRIDE
PDSC1232,FD387,UTKRISTA DEVCHULI NAGARPALIKA FIXED KHATA PRIDE
PDSC662,FD379,UTKRISTA NALGAD NAGARPALIKA FIXED KHATA - PARTNER
PDSC978,FD473,UTKRISTA KANEPOKHARI GAUPALIKA FIXED KHATA - AMBASSADOR
PDSC368,FD562,UTKRISTA MAHAGADHIMAI NAGARPALIKA FIXED KHATA - PARTNER
PDSC1427,FD567,UTKRISTA 10X REMITTANCE FIXED YOJANA
PDSC1357,FD429,UTKRISTA RAMPRASADRAI GAUPALIKA FIXED KHATA PRIDE
PDSC1678,FD545,UTKRISTA PAKHRIBAS NAGARPALIKA FIXED KHATA - AMBASSADOR
PDSC1639,FD427,UTKRISTA BEDKOT NAGARPALIKA FIXED KHATA - PARTNER
PDSC742,FD432,UTKRISTA BAUDHIMAI NAGARPALIKA FIXED KHATA PRIDE
PDSC955,FD554,UTKRISTA AADHIKHOLA GAUPALIKA FIXED KHATA - AMBASSADOR
PDSC962,FD435,UTKRISTA KACHANKAWAL GAUPALIKA FIXED KHATA PRIDE
PDSC544,FD901,UTKRISTA 10X FIXED YOJANA INDIVIDUAL C
PDSC1712,FD532,UTKRISTA HARIPURWA NAGARPALIKA FIXED KHATA - PARTNER
PDSC529,FD535,UTKRISTA CHANDRAGIRI MUSAGARMATHAIPALITY FIXED KHATA - PARTNER
PDSC14,FD486,UTKRISTA GADHAWA GAUPALIKA FIXED KHATA PRIDE
PDSC687,FD293,UTKRISTA KATAHARIYA NAGARPALIKA FIXED KHATA PRIDE
PDSC1151,FD383,UTKRISTA DUHABI NAGARPALIKA FIXED KHATA - AMBASSADOR
PDSC1723,FD336,UTKRISTA GODAWARI NAGARPALIKA - KAILALI FIXED KHATA PRIDE
PDSC1476,FD445,UTKRISTA BHIMPHEDI GAUPALIKA FIXED KHATA - PARTNER
PDSC1648,FD450,UTKRISTA SUNWAL NAGARPALIKA FIXED KHATA PRIDE
PDSC1079,FD399,UTKRISTA ANNAPURNA GAUPALIKA FIXED KHATA PRIDE
PDSC595,FD394,UTKRISTA DHANUSADHAM NAGARPALIKA FIXED KHATA - PARTNER
PDSC1298,FD299,UTKRISTA ARJUNDHARA MUNCIPALITY FIXED KHATA PRIDE
PDSC1507,FD510,UTKRISTA SABAILA NAGARPALIKA FIXED KHATA PRIDE
PDSC1553,FD511,UTKRISTA SABAILA NAGARPALIKA FIXED KHATA - PARTNER
PDSC1835,FD438,UTKRISTA BARDAGORIYA GAUNPALIKA FIXED KHATA PRIDE
PDSC1803,FD441,UTKRISTA BHAGWANPUR GAUPALIKA FIXED KHATA PRIDE
PDSC243,FD439,UTKRISTA BARDAGORIYA GAUNPALIKA FIXED KHATA - PARTNER
PDSC601,FD444,UTKRISTA BHIMPHEDI GAUPALIKA FIXED KHATA PRIDE
PDSC1136,FD442,UTKRISTA BHAGWANPUR GAUPALIKA FIXED KHATA - PARTNER
PDSC1098,FD448,UTKRISTA BHIMAD NAGARPALIKA FIXED KHATA - PARTNER
PDSC1409,FD348,UTKRISTA JEERABHAWANI GAUNPALIKA FIXED KHATA PRIDE
PDSC1014,FD416,UTKRISTA BALARA NAGARPALIKA FIXED KHATA - AMBASSADOR
PDSC446,FD357,UTKRISTA JOSHIPUR GAUNPALIKA FIXED KHATA PRIDE
PDSC1540,FD417,UTKRISTA BALARA NAGARPALIKA FIXED KHATA PRIDE
PDSC09,FD531,UTKRISTA HARIPURWA NAGARPALIKA FIXED KHATA PRIDE
PDSC1019,FD540,UTKRISTA BAGMATI NAGARPALIKA FIXED KHATA PRIDE
PDSC582,FD546,UTKRISTA PAKHRIBAS NAGARPALIKA FIXED KHATA PRIDE
PDSC1273,FD351,UTKRISTA KAMALA MUSAGARMATHAIPALITY FIXED KHATA PRIDE
PDSC1563,FD461,UTKRISTA MAHADEWA GAUPALIKA FIXED KHATA - AMBASSADOR
PDSC129,FD470,UTKRISTA MIRCHAIYA NAGARPALIKA FIXED KHATA - AMBASSADOR
PDSC344,FD482,UTKRISTA DHOBINI GAUPALIKA FIXED KHATA - AMBASSADOR
PDSC1596,FD456,UTKRISTA TILOTTAMA NAGARPALIKA FIXED KHATA PRIDE
PDSC1328,FD902,UTKRISTA 10X FIXED YOJANA 10X- INSTITUTIONAL C
PDSC1436,FD355,UTKRISTA BARABARDIYA NAGARPALIKA FIXED KHATA - PARTNER
PDSC1164,FD440,UTKRISTA BHAGWANPUR GAUPALIKA FIXED KHATA - AMBASSADOR
PDSC1284,FD443,UTKRISTA BHIMPHEDI GAUPALIKA FIXED KHATA - AMBASSADOR
PDSC908,FD449,UTKRISTA SUNWAL NAGARPALIKA FIXED KHATA - AMBASSADOR
PDSC190,FD464,UTKRISTA MAHARAJGUNJ NAGARPALIKA FIXED KHATA - AMBASSADOR
PDSC41,FD376,UTKRISTA KAGESHWORI MANOHARA NAGARPALIKA FIXED KHATA - PARTNER
PDSC727,FD477,UTKRISTA RAPTI NAGARPALIKA FIXED KHATA PRIDE
PDSC1245,FD481,UTKRISTA RIBDIKOT GAUPALIKA FIXED KHATA - PARTNER
PDSC562,FD490,UTKRISTA RAJPUR GAUNPALIKA FIXED KHATA - PARTNER
PDSC1161,FD494,UTKRISTA BARJU GAUPALIKA FIXED KHATA - AMBASSADOR
PDSC1398,FD406,UTKRISTA GRAMTHAN GAUPALIKA FIXED KHATA - PARTNER
PDSC310,FD529,UTKRISTA SIYARI GAUNPALIKA FIXED KHATA - PARTNER
PDSC1285,FD467,UTKRISTA KANCHAN GAUPALIKA FIXED KHATA - AMBASSADOR
PDSC179,FD393,UTKRISTA DHANUSADHAM NAGARPALIKA FIXED KHATA PRIDE
PDSC1595,FD476,UTKRISTA RAPTI NAGARPALIKA FIXED KHATA - AMBASSADOR
PDSC222,FD396,UTKRISTA DUDUWA GAUNPALIKA FIXED KHATA PRIDE
PDSC1034,FD536,UTKRISTA HARIPUR NAGARPALIKA FIXED KHATA - AMBASSADOR
PDSC1384,FD513,UTKRISTA SAMSI GAUPALIKA FIXED KHATA PRIDE
PDSC1385,FD550,UTKRISTA KATHMANDU MAHANAGARPALIKA FIXED KHATA - PARTNER
PDSC1345,FD556,UTKRISTA AADHIKHOLA GAUPALIKA FIXED KHATA - PARTNER
PDSC518,FD553,UTKRISTA KABILASI NAGARPALIKA FIXED KHATA - PARTNER
PDSC169,FD537,UTKRISTA HARIPUR NAGARPALIKA FIXED KHATA PRIDE
PDSC868,FD334,UTKRISTA TOKHA NAGARPALIKA FIXED KHATA - PARTNER
PDSC447,FD389,UTKRISTA ROHINI GAUPALIKA FIXED KHATA - AMBASSADOR
PDSC1780,FD398,UTKRISTA ANNAPURNA GAUPALIKA FIXED KHATA - AMBASSADOR
PDSC1746,FD401,UTKRISTA DEWANGUNJ GAUPALIKA FIXED KHATA - AMBASSADOR
PDSC1242,FD559,UTKRISTA NARAHA GAUPALIKA FIXED KHATA - PARTNER
PDSC1753,FD543,UTKRISTA KAILARI GAUNPALIKA FIXED KHATA PRIDE
PDSC711,FD903,UTKRISTA 10X FIXED YOJANA 10X-REMITTANCE C
PDSC298,FD451,UTKRISTA SUNWAL NAGARPALIKA FIXED KHATA - PARTNER
PDSC01,FD457,UTKRISTA TILOTTAMA NAGARPALIKA FIXED KHATA - PARTNER
PDSC1327,FD564,UTKRISTA PANCHAKANYA GAUPALIKA FIXED KHATA PRIDE
PDSC1371,FD568,UTKRISTA REMITTANCE FIXED KHATA -GENERAL
PDSC995,FD569,UTKRISTA FIXED KHATA-GENERAL
PDSC1076,FD360,UTKRISTA JHAPA GAUPALIKA FIXED KHATA PRIDE
PDSC329,FD428,UTKRISTA RAMPRASADRAI GAUPALIKA FIXED KHATA - AMBASSADOR
PDSC507,FD358,UTKRISTA JOSHIPUR GAUNPALIKA FIXED KHATA - PARTNER
PDSC220,FD370,UTKRISTA MAHALAXMI NAGARPALIKA FIXED KHATA - PARTNER
PDSC1686,FD385,UTKRISTA DUHABI NAGARPALIKA FIXED KHATA - PARTNER
PDSC1514,FD400,UTKRISTA ANNAPURNA GAUPALIKA FIXED KHATA - PARTNER
PDSC757,FD022,UTKRISTA HYBRID FD SWEEP KHATA- 50000
PDSC122,FD521,UTKRISTA GUJARA NAGARPALIKA FIXED KHATA - AMBASSADOR
PDSC1478,FD412,UTKRISTA BANDIPUR GAUNPALIKA FIXED KHATA - PARTNER
PDSC853,FD524,UTKRISTA SURYABINAYAK NAGARPALIKA FIXED KHATA - AMBASSADOR
PDSC395,FD423,UTKRISTA BUDDHASHANTI GAUPALIKA FIXED KHATA PRIDE
PDSC1236,FD489,UTKRISTA RAJPUR GAUNPALIKA FIXED KHATA PRIDE
PDSC1529,FD549,UTKRISTA KATHMANDU MAHANAGARPALIKA FIXED KHATA PRIDE
PDSC741,FD552,UTKRISTA KABILASI NAGARPALIKA FIXED KHATA PRIDE
PDSC707,FD555,UTKRISTA AADHIKHOLA GAUPALIKA FIXED KHATA PRIDE
PDSC152,FD422,UTKRISTA BUDDHASHANTI GAUPALIKA FIXED KHATA - AMBASSADOR
PDSC539,FD425,UTKRISTA BEDKOT NAGARPALIKA FIXED KHATA - AMBASSADOR
PDSC547,FD369,UTKRISTA MAHALAXMI NAGARPALIKA FIXED KHATA PRIDE
PDSC50,FD367,UTKRISTA BIDEHA NAGARPALIKA FIXED KHATA - PARTNER
PDSC133,FD345,UTKRISTA JAGARNATHPUR GAUPALIKA FIXED KHATA PRIDE
PDSC56,FD436,UTKRISTA KACHANKAWAL GAUPALIKA FIXED KHATA - PARTNER
PDSC1293,FD469,UTKRISTA KANCHAN GAUPALIKA FIXED KHATA - PARTNER
PDSC1047,FD548,UTKRISTA KATHMANDU MAHANAGARPALIKA FIXED KHATA - AMBASSADOR
PDSC1869,FD430,UTKRISTA RAMPRASADRAI GAUPALIKA FIXED KHATA - PARTNER
PDSC260,FD500,UTKRISTA KATAHARIYA NAGARPALIKA FIXED KHATA - AMBASSADOR
PDSC1635,FD447,UTKRISTA BHIMAD NAGARPALIKA FIXED KHATA PRIDE
PDSC1373,FD509,UTKRISTA SABAILA NAGARPALIKA FIXED KHATA - AMBASSADOR
PDSC497,FD453,UTKRISTA THAKURBABA NAGARPALIKA FIXED KHATA PRIDE
PDSC1243,FD337,UTKRISTA GODAWARI NAGARPALIKA - KAILALI FIXED KHATA - PARTNER
PDSC1294,FD407,UTKRISTA BUDHIGANGA GAUPALIKA FIXED KHATA - AMBASSADOR
PDSC1269,FD324,UTKRISTA GAIDAHAWA GAUPALIKA FIXED KHATA PRIDE
PDSC1023,FD410,UTKRISTA BANDIPUR GAUNPALIKA FIXED KHATA - AMBASSADOR
PDSC1487,FD346,UTKRISTA JAGARNATHPUR GAUPALIKA FIXED KHATA - PARTNER
PDSC1447,FD487,UTKRISTA GADHAWA GAUPALIKA FIXED KHATA - PARTNER
PDSC350,FD498,UTKRISTA KERABARI GAUPALIKA FIXED KHATA PRIDE
PDSC1422,FD493,UTKRISTA LOHARPATTI MUSAGARMATHAIPALITY FIXED KHATA - PARTNER
PDSC468,FD496,UTKRISTA BARJU GAUPALIKA FIXED KHATA - PARTNER
PDSC1419,FD460,UTKRISTA CHAKRAGHATTA GAUNPALIKA FIXED KHATA - PARTNER
PDSC1861,FD463,UTKRISTA MAHADEWA GAUPALIKA FIXED KHATA - PARTNER
PDSC1718,FD478,UTKRISTA RAPTI NAGARPALIKA FIXED KHATA - PARTNER
PDSC1862,FD492,UTKRISTA LOHARPATTI MUSAGARMATHAIPALITY FIXED KHATA PRIDE
PDSC1789,FD294,UTKRISTA KATAHARIYA NAGARPALIKA FIXED KHATA - PARTNER
PDSC1394,FD296,UTKRISTA BIRTAMOD NAGARPALIKA FIXED KHATA PRIDE
PDSC1693,FD525,UTKRISTA SURYABINAYAK NAGARPALIKA FIXED KHATA PRIDE
PDSC807,FD458,UTKRISTA CHAKRAGHATTA GAUNPALIKA FIXED KHATA - AMBASSADOR
PDSC714,FD495,UTKRISTA BARJU GAUPALIKA FIXED KHATA PRIDE
PDSC722,FD514,UTKRISTA SAMSI GAUPALIKA FIXED KHATA - PARTNER
PDSC752,FD526,UTKRISTA SURYABINAYAK NAGARPALIKA FIXED KHATA - PARTNER
PDSC145,FD402,UTKRISTA DEWANGUNJ GAUPALIKA FIXED KHATA PRIDE
PDSC67,FD397,UTKRISTA DUDUWA GAUNPALIKA FIXED KHATA - PARTNER
PDSC813,FD512,UTKRISTA SAMSI GAUPALIKA FIXED KHATA - AMBASSADOR
PDSC1192,FD408,UTKRISTA BUDHIGANGA GAUPALIKA FIXED KHATA PRIDE
PDSC1795,FD403,UTKRISTA DEWANGUNJ GAUPALIKA FIXED KHATA - PARTNER
PDSC510,FD474,UTKRISTA KANEPOKHARI GAUPALIKA FIXED KHATA PRIDE
PDSC832,FD499,UTKRISTA KERABARI GAUPALIKA FIXED KHATA - PARTNER
PDSC333,FD519,UTKRISTA TARAKESHWOR NAGARPALIKA FIXED KHATA PRIDE
PDSC107,FD538,UTKRISTA HARIPUR NAGARPALIKA FIXED KHATA - PARTNER
PDSC1141,FD415,UTKRISTA BARDAGHAT NAGARPALIKA FIXED KHATA - PARTNER
PDSC904,FD418,UTKRISTA BALARA NAGARPALIKA FIXED KHATA - PARTNER
PDSC1165,FD558,UTKRISTA NARAHA GAUPALIKA FIXED KHATA - PRIDE
PDSC1605,FD395,UTKRISTA DUDUWA GAUNPALIKA FIXED KHATA - AMBASSADOR
PDSC1837,FD523,UTKRISTA GUJARA NAGARPALIKA FIXED KHATA - PARTNER
PDSC1395,FD522,UTKRISTA GUJARA NAGARPALIKA FIXED KHATA PRIDE
PDSC690,FD528,UTKRISTA SIYARI GAUNPALIKA FIXED KHATA PRIDE
PDSC163,FD541,UTKRISTA BAGMATI NAGARPALIKA FIXED KHATA - PARTNER
PDSC872,FD544,UTKRISTA KAILARI GAUNPALIKA FIXED KHATA - PARTNER
PDSC396,FD560,UTKRISTA MAHAGADHIMAI NAGARPALIKA FIXED KHATA - AMBASSADOR
PDSC920,FD363,UTKRISTA RAMDHUNI NAGARPALIKA FIXED KHATA PRIDE
PDSC136,FD431,UTKRISTA BAUDHIMAI NAGARPALIKA FIXED KHATA - AMBASSADOR
PDSC1183,FD437,UTKRISTA BARDAGORIYA GAUNPALIKA FIXED KHATA - AMBASSADOR
PDSC778,FD372,UTKRISTA TIRAHUT GAUPALIKA FIXED KHATA PRIDE
PDSC32,FD459,UTKRISTA CHAKRAGHATTA GAUNPALIKA FIXED KHATA PRIDE
PDSC1180,FD468,UTKRISTA KANCHAN GAUPALIKA FIXED KHATA PRIDE
PDSC379,FD471,UTKRISTA MIRCHAIYA NAGARPALIKA FIXED KHATA PRIDE
PDSC637,FD472,UTKRISTA MIRCHAIYA NAGARPALIKA FIXED KHATA - PARTNER
PDSC495,FD475,UTKRISTA KANEPOKHARI GAUPALIKA FIXED KHATA - PARTNER
PDSC1444,FD375,UTKRISTA KAGESHWORI MANOHARA NAGARPALIKA FIXED KHATA PRIDE
PDSC1342,FD446,UTKRISTA BHIMAD NAGARPALIKA FIXED KHATA - AMBASSADOR
PDSC854,FD377,UTKRISTA NALGAD NAGARPALIKA FIXED KHATA - AMBASSADOR
PDSC838,FD386,UTKRISTA DEVCHULI NAGARPALIKA FIXED KHATA - AMBASSADOR
PDSC1393,FD339,UTKRISTA GAURIGANGA NAGARPALIKA FIXED KHATA PRIDE
PDSC1699,FD342,UTKRISTA CHHIPAHARMAI GAUPALIKA FIXED KHATA PRIDE
PDSC1661,FD479,UTKRISTA RIBDIKOT GAUPALIKA FIXED KHATA - AMBASSADOR
PDSC1193,FD563,UTKRISTA PANCHAKANYA GAUPALIKA FIXED KHATA - AMBASSADOR
PDSC1826,FD565,UTKRISTA PANCHAKANYA GAUPALIKA FIXED KHATA - PARTNER
PDSC1163,FD566,UTKRISTA REMITTANCE FIXED KHATA -BELOW 5 LAKH
PDSC847,FD382,UTKRISTA SHUKLAGANDAKI NAGARPALIKA FIXED KHATA - PARTNER
PDSC299,FD388,UTKRISTA DEVCHULI NAGARPALIKA FIXED KHATA - PARTNER
PDSC256,FD485,UTKRISTA GADHAWA GAUPALIKA FIXED KHATA - AMBASSADOR
PDSC180,FD391,UTKRISTA ROHINI GAUPALIKA FIXED KHATA - PARTNER
PDSC07,FD488,UTKRISTA RAJPUR GAUNPALIKA FIXED KHATA - AMBASSADOR
PDSC1724,FD497,UTKRISTA KERABARI GAUPALIKA FIXED KHATA - AMBASSADOR
PDSC1256,FD515,UTKRISTA GODAWARI NAGARPALIKA - LALITPUR FIXED KHATA - AMBASSADOR
PDSC103,FD318,UTKRISTA DEVDAHA NAGARPALIKA FIXED KHATA PRIDE
PDSC1029,FD343,UTKRISTA CHHIPAHARMAI GAUPALIKA FIXED KHATA - PARTNER
PDSC1674,FD099,UTKRISTA FIXED KHATA FD SWEEP
PDSC1154,FD411,UTKRISTA BANDIPUR GAUNPALIKA FIXED KHATA PRIDE
PDSC1251,FD421,UTKRISTA BANSGADHI MUSAGARMATHAIPAITY FIXED KHATA - PARTNER
PDSC225,FD539,UTKRISTA BAGMATI NAGARPALIKA FIXED KHATA - AMBASSADOR
PDSC1525,FD542,UTKRISTA KAILARI GAUNPALIKA FIXED KHATA - AMBASSADOR
PDSC998,FD551,UTKRISTA KABILASI NAGARPALIKA FIXED KHATA - AMBASSADOR
PDSC88,FD371,UTKRISTA TIRAHUT GAUPALIKA FIXED KHATA - AMBASSADOR
PDSC1073,FD374,UTKRISTA KAGESHWORI MANOHARA NAGARPALIKA FIXED KHATA - AMBASSADOR
PDSC959,FD380,UTKRISTA SHUKLAGANDAKI NAGARPALIKA FIXED KHATA - AMBASSADOR
PDSC1390,FD020,UTKRISTA HYBRID FD SWEEP KHATA- 10000
PDSC1319,FD433,UTKRISTA BAUDHIMAI NAGARPALIKA FIXED KHATA - PARTNER
PDSC1337,FD295,UTKRISTA BIRTAMOD NAGARPALIKA FIXED KHATA - AMBASSADOR
PDSC886,FD298,UTKRISTA ARJUNDHARA MUNCIPALITY FIXED KHATA - AMBASSADOR
PDSC11,FD349,UTKRISTA JEERABHAWANI GAUNPALIKA FIXED KHATA - PARTNER
PDSC1762,FD327,UTKRISTA GAURADAHA NAGARPALIKA FIXED KHATA PRIDE
PDSC1621,FD001,UTKRISTA FIXED KHATA-FD SWEEP
PDSC1159,FD462,UTKRISTA MAHADEWA GAUPALIKA FIXED KHATA PRIDE
PDSC1160,FD465,UTKRISTA MAHARAJGUNJ NAGARPALIKA FIXED KHATA PRIDE
PDSC1052,FD466,UTKRISTA MAHARAJGUNJ NAGARPALIKA FIXED KHATA - PARTNER
PDSC1523,FD384,UTKRISTA DUHABI NAGARPALIKA FIXED KHATA PRIDE
PDSC397,FD518,UTKRISTA TARAKESHWOR NAGARPALIKA FIXED KHATA - AMBASSADOR
PDSC1428,FD420,UTKRISTA BANSGADHI MUSAGARMATHAIPAITY FIXED KHATA PRIDE
PDSC1099,FD547,UTKRISTA PAKHRIBAS NAGARPALIKA FIXED KHATA - PARTNER
PDSC1571,FD534,UTKRISTA CHANDRAGIRI MUSAGARMATHAIPALITY FIXED KHATA PRIDE
PDSC753,FD557,UTKRISTA NARAHA GAUPALIKA FIXED KHATA - AMBASSADOR
PDSC25,FD480,UTKRISTA RIBDIKOT GAUPALIKA FIXED KHATA PRIDE
PDSC1644,FD483,UTKRISTA DHOBINI GAUPALIKA FIXED KHATA PRIDE
PDSC238,FD484,UTKRISTA DHOBINI GAUPALIKA FIXED KHATA - PARTNER
PDSC748,FD297,UTKRISTA BIRTAMOD NAGARPALIKA FIXED KHATA - PARTNER
PDSC623,FD300,UTKRISTA ARJUNDHARA MUNCIPALITY FIXED KHATA - PARTNER
PDSC864,FD333,UTKRISTA TOKHA NAGARPALIKA FIXED KHATA PRIDE
PDSC302,FD419,UTKRISTA BANSGADHI MUSAGARMATHAIPAITY FIXED KHATA - AMBASSADOR
PDSC1028,FD354,UTKRISTA BARABARDIYA NAGARPALIKA FIXED KHATA PRIDE
PDSC1547,FD561,UTKRISTA MAHAGADHIMAI NAGARPALIKA FIXED KHATA - PRIDE
PDSC1222,FD516,UTKRISTA GODAWARI NAGARPALIKA  LALITPUR FIXED KHATA PRIDE
PDSC1118,FD517,UTKRISTA GODAWARI NAGARPALIKA - LALITPUR FIXED KHATA - PARTNER
PDSC994,FD520,UTKRISTA TARAKESHWOR NAGARPALIKA FIXED KHATA - PARTNER
PDSC698,FD012,FD INDIVIDUAL-PMS
PDSC826,FD570,FD INDIVIDUAL MONTHLY-15 YEARS
PDSC158,FD006,FD INDIVIDUAL QTR
PDSC775,FD571,FD INSTITUTION- 15 YEARS
PDSC1432,FD007,NRN FIXED DEPOSIT FCY
PDSC1081,FD221,UTKRISTA INSTITUTIONAL FD (MONTHLY OPERATINVE POSTING)
PDSC1153,FD050,DOUBLE DEPOSIT PRODUCT-INDIVIDUAL
PDSC154,FD051,DOUBLE DEPOSIT PRODUCT-INSTITUTION
PDSC272,FD097,10X REMITTANCE FD MONTHLY OPERATIVE POSTING
PDSC1009,FD096,10X INDIVIDUAL FD MONTHLY OPERATIVE POSTING
PDSC1577,FD098,10X INSTITUTIONAL FIXED DEPOSIT(MONTLHY OP)
PDSC945,FD088,UTKRISTA 10X FIXED YOJANA 7X- REMITTANCE
PDSC1673,FD068,UTKRISTA 10X FIXED YOJANA 5X- INDIVIDUAL
PDSC1685,FD080,UTKRISTA 10X FIXED YOJANA 8X- INSTITUTIONAL
PDSC536,FD073,UTKRISTA 10X FIXED YOJANA 10X- INDIVIDUAL
PDSC290,FD065,UTKRISTA 10X FIXED YOJANA 2X- INDIVIDUAL
PDSC1392,FD085,UTKRISTA 10X FIXED YOJANA 4X- REMITTANCE
PDSC1755,FD086,UTKRISTA 10X FIXED YOJANA 5X- REMITTANCE
PDSC1338,FD075,UTKRISTA 10X FIXED YOJANA 3X- INSTITUTIONAL
PDSC1186,FD071,UTKRISTA 10X FIXED YOJANA 8X- INDIVIDUAL
PDSC967,FD078,UTKRISTA 10X FIXED YOJANA 6X- INSTITUTIONAL
PDSC680,FD079,UTKRISTA 10X FIXED YOJANA 7X- INSTITUTIONAL
PDSC1667,FD072,UTKRISTA 10X FIXED YOJANA 9X- INDIVIDUAL
PDSC535,FD094,10X REMITTANCE FIXED
PDSC676,FD224,UTKRISTA STHANIYA FD MONTHLY OPERATIVE POSTING
PDSC1084,FD095,10X INSTITUTIONAL FD (MONTHLY OPERATIVE POSTING)
PDSC1769,FD074,UTKRISTA 10X FIXED YOJANA 2X- INSTITUTIONAL
PDSC394,FD066,UTKRISTA 10X FIXED YOJANA 3X- INDIVIDUAL
PDSC1400,FD090,UTKRISTA 10X FIXED YOJANA 9X- REMITTANCE
PDSC1438,FD076,UTKRISTA 10X FIXED YOJANA 4X- INSTITUTIONAL
PDSC1346,FD082,UTKRISTA 10X FIXED YOJANA 10X- INSTITUTIONAL
PDSC499,FD083,UTKRISTA 10X FIXED YOJANA 2X- REMITTANCE
PDSC1800,FD087,UTKRISTA 10X FIXED YOJANA 6X- REMITTANCE
PDSC13,FD089,UTKRISTA 10X FIXED YOJANA 8X- REMITTANCE
PDSC1126,FD070,UTKRISTA 10X FIXED YOJANA 7X- INDIVIDUAL
PDSC972,FD084,UTKRISTA 10X FIXED YOJANA 3X- REMITTANCE
PDSC1002,FD091,UTKRISTA 10X FIXED YOJANA 10X- REMITTANCE
PDSC1004,FD067,UTKRISTA 10X FIXED YOJANA 4X- INDIVIDUAL
PDSC431,FD069,UTKRISTA 10X FIXED YOJANA 6X- INDIVIDUAL
PDSC324,FD093,10X INSTITUTIONAL FIXED
PDSC425,FD077,UTKRISTA 10X FIXED YOJANA 5X- INSTITUTIONAL
PDSC409,FD081,UTKRISTA 10X FIXED YOJANA 9X- INSTITUTIONAL
PDSC1201,FD223,UTKRISTA INDIVIDUAL REMITTANCE FD MONTHLY OPERATIVE POSTING
PDSC1223,FD092,10X - INDIVIDUAL FIXED
PDSC1274,FD222,UTKRISTA INDIVIDUAL FD MONTHLY OPERATIVE POSTING
PDSC223,RD002,SAGARMATHA RECURRING DEPOSIT A/C
PDSC631,RD003,UTTAM RECURRING DEPOSIT
PDSC1742,RD005, SUPER UTTAM MASIK SAGARMATHAHHEP KHATA (CUSTOMIZED)
PDSC530,RD004, SUPER UTTAM MASIK SAGARMATHAHHEP KHATA (NORMAL)
PDSC1190,RD006, PREMIUM SUPER UTTAM MASIK SAGARMATHAHHEP KHATA
PDSC400,RD007, PREMIUM SUPER UTTAM MASIK SAGARMATHAHHEP KHATA- CUSTOMIZE
PDSC1353,RD008,UTKRISTA MASIK SAGARMATHAHHEP KHATA
PDSC54,RD055,UTKRISTA 10X REMITTANCE MASIK NISCHEP YOJANA
PDSC1493,RD056,UTKRISTA MASIK NISCHEP -INDIVIDUAL MONTHLY OPERATING POSTING
PDSC300,RD052,UTKRISTA REMITTANCE MASIK SAGARMATHAHHEP KHATA - MONTHLY
PDSC572,RD051,UTKRISTA MASIK SAGARMATHAHHEP KHATA- MONTHLY
PDSC121,RD057,MASIK SAGARMATHAHHEP KHATA- MONTHLY
PDSC1241,RD053,10X MASIK NISCHEP- INDIVIDUAL
PDSC1510,RD054,10X MASIK NISCHEP - REMITTANCE
PDSC905,SBCAL,CALL DEPOSIT-CO-OPEARTIVE
PDSC1790,SBCLM,SAVING CALL DEP MONTHLY
PDSC229,SBBUS,BUSINESS CALL ACCOUNT
PDSC1782,INSCL,CALL DEPOSIT- INSTITUTION
PDSC1203,SBSUP,COR. SUPER CALL AC-SBSUP
PDSC491,SBSOC,SOCIAL ACCOUNT-INSTITUTION
PDSC1696,STCAL,STRUCTURED CALL DEPOSIT
PDSC823,INCAL,INDIVIDUAL CALL DEP-INCAL
PDSC128,SBSKS,SIKSHYA KOSH
PDSC1739,INSC1,INST. CALL ACCOUNT
PDSC695,INSC2,INST. CALL ACCOUNT
PDSC907,INSC3,INST. CALL ACCOUNT
PDSC844,INSC4,INST. CALL ACCOUNT
PDSC465,INSC5,INST. CALL ACCOUNT
PDSC1864,INSC6,INST. CALL ACCOUNT
PDSC374,INSC7,INST. CALL ACCOUNT
PDSC375,INSC8,INST. CALL ACCOUNT
PDSC1265,INSC9,INST. CALL ACCOUNT
PDSC1840,INCA1,INDIVIDUAL CALL DEPOSIT
PDSC701,INCA2,INDIVIDUAL CALL DEPOSIT
PDSC1705,INCA3,INDIVIDUAL CALL DEPOSIT
PDSC970,INCA4,INDIVIDUAL CALL DEPOSIT
PDSC611,CL103,CALL HALF YEAR INDIV EUR
PDSC1575,CL104,CALL HALF YEAR INDIV GBP
PDSC1401,CL251,SAGARMATHA-SUPER DEPOSIT-INDV.
PDSC1275,CL500,SOCIAL ACCOUNT-CO-OPERATIVE
PDSC1017,CL001,SIKSHYA KOSH
PDSC1235,CL002,CALL QUARTERLY INDIV. NPR
PDSC402,CL003,CALL QUARTERLY INDIV USD
PDSC750,CL004,CALL QUARTERLY INDIV EUR
PDSC1148,CL005,CALL QUARTERLY INDIV GBP
PDSC1630,CL006,CALL  INDIVIDUAL SLAB1
PDSC1271,CL007,CALL  INDIVIDUAL SLAB2
PDSC1325,CL008,CALL  INDIVIDUAL SLAB3
PDSC1050,CL009,CALL  INDIVIDUAL SLAB4
PDSC246,CL010,CALL  INDIVIDUAL SLAB5
PDSC1665,CL101,CALL HALF YR INDIV NPR
PDSC478,CL102,CALL HALF YEAR INDIV USD
PDSC911,CL501,CALL INSTITUTIONAL SLAB1
PDSC614,CL502,CALL INSTITUTIONAL SLAB2
PDSC498,CL503,CALL INSTITUTIONAL SLAB3
PDSC869,CL504,CALL INSTITUTIONAL SLAB4
PDSC442,CL505,CALL INSTITUTIONAL SLAB5
PDSC744,CL506,CALL DEPOSIT-BFIS
PDSC1104,CL507,CALL QUARTERLY INST. USD
PDSC878,CL508,CALL QUARTERLY INST. EUR
PDSC1375,CL509,CALL QUARTERLY INST. GBP
PDSC630,CL600,BUSINESS CALL ACCOUNT
PDSC560,CL601,CORPORATE SUPER A/C OTHER
PDSC196,CL602,CORPORATE SUPER A/C BFI
PDSC821,CL603,CALL HALF YEAR INST. NPR
PDSC1589,CL604,CALL HALF YEAR INST. USD
PDSC1462,CL605,CALL HALF YEAR INST. EUR
PDSC513,CL606,CALL HALF YEAR INST. GBP
PDSC1005,CL751,SAGARMATHA-SUPER DEPOSIT-INST.
PDSC1069,CL753,DOUBLE DEPOSIT CALL ACCOU
PDSC1260,CL754,SAMMUNATI PLUS CALL
PDSC843,CL013,SAGARMATHA HEALTH SECTOR  CALL ACCOUNT
PDSC351,CL011,SAGARMATHA COLLEGE/SCHOOL ACCOUNT
PDSC787,CL012,SAGARMATHA UNIVERSITY ACCOUNT
PDSC195,NADET,SAGARMATHA DEVELOPMENT AND EMBASSY NPO/TRUST
PDSC860,NADEI,SAGARMATHA  DEVELOPMENT AND EMBASSY  INGO
PDSC773,NADEN,SAGARMATHA  DEVELOPMENT AND EMBASSY NGO
PDSC472,CL014,SAGARMATHA PRIORITY SECTOR CALL ACCOUNT
PDSC1058,CL015,SAGARMATHA TOURISM CALL ACCOUNT
PDSC294,CL510,CALLL BFI FCY DEPOSIT
PDSC815,CL016,SWEEP IN SWEEP OUT INST-CALL
PDSC590,CL511,CALL USD FCY DEPOSIT FLEXI
PDSC828,MARGN,MARGIN ACCOUNT
PDSC1732,DLSBM,DL - SBSME - MONTHLY
PDSC1381,TLMCR,TL - MDCOR
PDSC1408,ALALT,AL - ALTO 0%
PDSC1248,TLEBL,TL - EASY BUSINESS LOAN
PDSC1089,TRALY,TR - AGRL LOAN FOR YOUTHS
PDSC779,TLALY,TL - AGRL LOAN FOR YOUTHS
PDSC1662,DLPSM,DL-PROMOTER SHARE MARGIN
PDSC1501,PLEMI,PERSONAL LOAN EMI
PDSC935,HLST2,HOUSING LOAN - STAFF - EN
PDSC415,DLDKK,DL-DSL KISAN KARZA
PDSC1033,NAPHL,SAGARMATHA PREMIUM HOME LOA
PDSC1090,TLAEL,TL-DSL AGRICUL EQUIP LOAN
PDSC1759,HLLNP,GHAR SUBIDHA-LAND PURCHAS
PDSC674,TLLCH,TL-DSL LOW COST HOUSING
PDSC419,FCYLC,FCY LOAN LARGE CORPORATE
PDSC616,NEETL,SAGARMATHA EASY HOME EQUITY TERM LOAN-LAMP
PDSC1703,EIDEP,DEPRIVED SEC EI
PDSC81,TLSPR,TL-SUPER PAYROLL
PDSC45,PLZPF,PERSONAL LOAN 0% FINANCIN
PDSC1801,SBLTL,SMALL BUSINESS TERM LOAN
PDSC1592,MEWTL,MEDIUM ENTERPRISE WORKING
PDSC1362,MMWTL,MID MARKET WORKING CAPITA
PDSC768,TLLUK,TL-DSL LAGHU UDHAM KARZA
PDSC1708,TLCAL,TL-DSL COMM. AGRICULTURAL
PDSC64,TLSKK,TL-DSL SAHAKARI KRISHI PA
PDSC34,FELCS,FOREIGN EMPLOYMENT LOAN
PDSC1132,HLAPG,AWASIA PUNANIRMAN GHAR KA
PDSC1386,HLEQF,GHAR SUBHIDA-EQUITY BALAN
PDSC1024,HLNAP,SAGARMATHA PREMIUM HOME LOA
PDSC917,HLRRE,GHAR SUBIDHA-RESIDENTIAL
PDSC253,TLNSS,TL SAJILO SUBIDHA
PDSC06,EDUAA,EDU LOAN FOR ABROAD AUS
PDSC266,EDUAO,EDU LOAN FOR ABROAD OTHER
PDSC763,EDUDS,EDU LOAN FOR DOMESTIC STD
PDSC579,FCYMM,FCY LOAN MID MARKET
PDSC1228,TLGSC,TL-HOME LOAN GRAND
PDSC1797,HLGSC,HL-HOME LOAN GRAND
PDSC1844,FLNTF,FORCE LOAN TRADE FINANCE
PDSC1839,VLST2,VEHICLE STF LOAN EMI-
PDSC1077,SLSEM,SHORT TERM LOAN-SMALL MON
PDSC80,DMSBL,DEMAND LOAN-AGAINST SH MO
PDSC1364,BGSSM,BRIDGE GAP LOAN BUSI MON
PDSC265,SLMSM,SHORT TERM LOAN-MED EN MO
PDSC126,DLMSM,DEMAND LOAN MED ENTER MON
PDSC1744,BGMSM,BRIDGE GAP LOAN ENTR MO
PDSC1064,SLMCM,SHORT TERM LOAN MM MONTH
PDSC1496,TLCHL,SAGARMATHA CHL - TERM LOAN
PDSC1594,ALPNW,AUTO PVT  WITHOUT COLL
PDSC664,ALPNC,AUTO PVT  WITH COLLATL
PDSC47,ALPUC,AUTO PVT USED WITH COLLAT
PDSC19,ALRBW,AUTO PVT BUS WITHOUT COLL
PDSC1225,DLMEM,DMD LOAN LOAN AGNST SHR M
PDSC956,DLMCM,DEMAND LOAN MM MONTHLY
PDSC1021,BGMCM,BRIDGE GAP LOA MM MONTH
PDSC1680,NACHL,SAGARMATHA CHAMATKARI HOME L
PDSC381,NACAL,SAGARMATHA CHAMATKARI AUTO L
PDSC138,HLCHL,SAGARMATHA CHL - HOME LOAN
PDSC1623,ALPUW,AUTO PVT USED WITHOUT COL
PDSC39,ALRBC,AUTO PVT BUS WITH COLLATL
PDSC1262,DLASP,DL-DLASP AS PROMOTOR MONTHLY
PDSC15,DLLAS,DL-DLLAS LAS MONTHLY
PDSC1027,PBLDL,SAGARMATHA PRIORITY BUSINESS LOAN-PBLDL
PDSC986,PBFTQ,SAGARMATHA PRIORITY BUSINESS LOAN-PBFTQ
PDSC393,PRBTQ,SAGARMATHA PREMIUM BUSINESS LOAN PRBTQ
PDSC1412,HLSTF,HOUSING LOAN - STAFF
PDSC1006,LBEMI,EQUITY LAND & BUILDING EM
PDSC85,TLCOR,TERM LOAN - CORPORATE
PDSC371,ALRET,AUTO LOAN-RETAIL
PDSC364,HLRET,RETAIL HOUSING LOAN
PDSC1117,TLBUS,TERM LOAN - BUSINESS
PDSC1591,ALBUS,AUTO LOAN-BUSINESS
PDSC866,EQBUS,EI-BUSINESS-EQUPMENT
PDSC1113,EDRET,EI-PFS-EDUCATION
PDSC309,ALCOR,EI-CORPORATE AUTO
PDSC192,ETBUS,EI-MID MARKET TERM LOAN
PDSC921,ETCOR,EI-CORPORATE TERM LOAN
PDSC148,TLDEP,TERM LOAN -DEPRIVED
PDSC596,CLSTE,CONSUMER LOAN STAFF-EMI
PDSC686,SLSTE,SOCIAL LOAN STAFF-EMI
PDSC1467,EQCOR,EI-CORPORATE-EQUIPMENT
PDSC1200,ESDLC,EI-SDL-CORPORATE
PDSC1593,ALEFS,EI-AUTO LOAN-EFS
PDSC1297,EQEFS,EI-EFS-EQUPMENT
PDSC1777,ETEFS,EI-EFS-TERM LOAN
PDSC837,STCOR,STRUCT TERM LOAN
PDSC937,VLSTF,VEHICLE STAFF LOAN EMI
PDSC1764,TLEFS,TERM LOAN-EFS
PDSC1659,HLSUL,HOME LOAN SULAV AWAS KARJ
PDSC1063,PLM01,PERSONAL TERM LOAN SECURED BY REAL ESTATE COLLATERAL-UNDER REGULATORY RETAIL PORTFOLIO-MONTHLY
PDSC1156,PLM02,PERSONAL TERM LOAN SECURED BY REAL ESTATE COLLATERAL-MONTHLY
PDSC668,PLQ02,PERSONAL TERM LOAN SECURED BY REAL ESTATE COLLATERAL-QUARTERLY
PDSC168,HLRS2,HOME LOAN RESIGNED STAFF II
PDSC28,ALBFB,AUTOLOAN-BF-BALLOON
PDSC1752,ALBFE,AUTOLOAN-BF-EMI
PDSC1675,ALCRP,CORPORATE AUTO LOAN
PDSC675,ALNRS,AUTO LOAN
PDSC1128,ALSME,SME - CORP AUTO LOAN
PDSC503,DLBDG,BRIDGE GAP LOAN
PDSC840,TLFXD,FIXED TERM LOAN
PDSC339,TLSBL,TERM LOAN-SBL
PDSC923,HOLON,HOUSING LOAN
PDSC24,TLSME,SME - FTL
PDSC18,TRNRS,TRUST RECEIPT LOAN
PDSC524,TRSME,SME - TR LOAN
PDSC1581,IBBLC,BILLS UNDERIMPORT LC
PDSC1654,CBPLM,CLEAN BILLS PURCHASE
PDSC70,IBSME,SME - DOCS. BILLS
PDSC1120,DBPLN,DOC. BILLS PURCHASE
PDSC928,SDCOP,SME - CLEAN BP
PDSC811,DLPRY,PRIORITY SECTOR LOAN
PDSC1138,LAOTH,LOAN AGST ASSET - PFS EMI
PDSC254,DLDEP,DEPRIVED SEC. LOAN
PDSC900,DLFDR,LOAN AGAINST SAGARMATHAB FD
PDSC1210,DLNPR,DEMAND LOAN
PDSC1481,DLPFN,COMM. PROP. FINANCE
PDSC704,EBLDQ,DL-SAGARMATHA EASY BUSINESS LOAN - EBLDQ
PDSC1313,DLSFD,SME - LOAN AGST SAGARMATHA FD
PDSC1376,DLSST,SME - STL
PDSC1377,DLSME,SME - DEMAND LOAN
PDSC399,DLSMT,SME - TIME LOAN
PDSC486,DLSOT,SME - OTHER LOAN
PDSC1663,EDNLN,EDUCATION LOAN
PDSC139,DLSTL,SHORT TERM LOAN-
PDSC1614,DLTIM,TIME/DEMAND LOAN
PDSC278,DLONR,OTHER LOAN
PDSC52,PCPRX,PRE EXPORT LOAN
PDSC1105,SMPEX,SME - PRE-EXPORT
PDSC1843,OTHNW,OTHER LOAN-
PDSC1600,EQSSE,EL-SBSME EQUIPMENT LOAN
PDSC640,HLSSE,HL-SBSME HOME LOAN
PDSC505,EQLCR,EL- LACOR EQUIPMENT LOAN
PDSC369,EQPCR,EL-PFCOR EQUIPMENT LOAN
PDSC1169,SLMCR,SL-MDCOR SHORT TERM LOAN
PDSC876,SLPCR,SL-PFCOR SHORT TERM LOAN
PDSC1306,TLSEE,SME - FTL - EI
PDSC367,SLMSE,SL-MESME SHORT TERM LOAN
PDSC16,TRVLN,TRAVEL LOAN
PDSC429,TLFED,FIXED TERM LOAN - EI
PDSC895,DLINS,DEMAND LOAN INSURANCE
PDSC930,PRBTL,SAGARMATHA PREMIUM BUSINESS LOAN-PRBTL
PDSC755,ETLCR,ET-LACOR EQUAT TERM  LOAN
PDSC305,ETPCR,ET-PFCOR EQUAT TERM LOAN
PDSC362,ETSSE,ET-SBSME EQUAT TERM LOAN
PDSC1311,BGSSE,BG-SBSME BRIDGE GAP LOAN
PDSC1737,HLLCR,HL-LACOR HOME LOAN
PDSC421,HLPCR,HL-PFCOR HOME LOAN
PDSC1057,HLMSE,HL-MESME HOME LOAN
PDSC1022,HLESE,HL-EFSME HOME LOAN
PDSC1461,DLSEC,DL-RTBAN OTHER SECURITIES
PDSC1721,EBLCI,EB-LACOR EXP. BILL-USANCE
PDSC587,PCMCR,PC-MDCOR PACKING CREDIT
PDSC1059,BGLCR,BG-LACOR BRIDGE GAP LOAN
PDSC87,BGMCR,BG - MDCOR BRIDGE GAP LOA
PDSC1387,BGMSE,BG-MESME BRIDGE GAP LOAN
PDSC1290,BGESE,BG-EFSME BRIDGE GAP LOAN
PDSC387,EBMCF,EB-MDCOR EXP. BILLS-SIGHT
PDSC622,EBMCI,EB-MDCOR EXP BILLS-USANCE
PDSC1485,EBPCF,EB-PFCOR EXP BILLS-SIGHT
PDSC862,EBPCI,EB-PFCOR EXP BILLS-USANCE
PDSC883,PCLCR,PC-LACOR PACKING CREDIT
PDSC696,PCPCR,PC-PFCOR PACKING CREDIT
PDSC1403,PCMSC,PC-MESME PACKING CREDIT
PDSC1473,PCESE,PC-EFSME PACKING CREDIT
PDSC274,PCSSE,PC-SBSME PACKING CREDIT
PDSC26,ALPMS,AL-MESME AUTO LOAN PERSON
PDSC705,TRLCR,TR-LACOR TRUST RECPT LOAN
PDSC589,TRMCR,TR-MDCOR TRUST RECPT LOAN
PDSC1688,DLMGL,DL-RTBAN MARGIN LENDING
PDSC1231,SLSEE,SL-SBSME SHORT TERM LOAN
PDSC597,HLMCR,HL- MDCOR HOME LOAN
PDSC1425,TLPCR,TL-PFCOR PROJECT FINANCE
PDSC585,DLMCR,DL-MDCOR DEMAND LOAN
PDSC969,DLPCR,DL-PFCOR DEMAND LOAN
PDSC97,DLMSE,DL-MESME DEMAND LOAN
PDSC1546,ALPMR,AL-MDCOR AUTO LOAN - PERS
PDSC1735,ALPPR,AL-PFCOR AUTO LOAN- PERSO
PDSC125,ALPES,AL-EFSME AUTO LOAN PERSON
PDSC943,DLSSE,DL-SBSME DEMAND LOAN
PDSC1360,ALPSS,AL-SBSME AUTO LOAN PERSON
PDSC1794,DMGLD,DL-RTBAN GOLD LOAN
PDSC915,CBLCR,CB - LACOR CLEAN BILLS
PDSC1115,CBMCR,CB - MDCOR CLEAN BILLS
PDSC1865,CBESE,CB - EFSME CLEAN BILLS
PDSC1770,CBDEP,CB - DEPLN CLEAN BILLS
PDSC212,CBRTB,CB - RTBAN CLEAN BILLS
PDSC871,CBSEE,CB - SBSME CLEAN BILLS
PDSC48,CBSME,CB - MESME CLEAN BILLS
PDSC17,CBMSE,CB - MESME CLEAN BILLS
PDSC1682,CBPCR,CB - PFCOR CLEAN BILLS
PDSC1568,ALPCR,AL-LACOR AUTO LOAN PERSON
PDSC230,EBLCF,EB-LACOR EXP. BILL-SIGHT
PDSC1229,TRPCR,TR-PFCOR TRUST RECPT LOAN
PDSC1656,TRMSE,TR-MESME TRUST RECPT LOAN
PDSC137,TRESE,TR-EFSME TRUST RECPT LOAN
PDSC802,TRSSE,TR-SBSME TRUST RECPT LOAN
PDSC736,EBMEF,EB-MESME EXP BILLS SIGHT
PDSC982,EBMEI,EB-MESME EXP BILLS USANCE
PDSC1537,DLLAL,DL-LACOR LOAN AGNST SHARE
PDSC1560,DLPML,DMD LOAN PER. LENDING
PDSC583,GLDDM,GOLD LOAN (DEMAND)
PDSC953,DLMDL,DL-MDCOR LOAN AGNST SHARE
PDSC03,DLPFL,DL-PFCOR LOAN AGNST SHARE
PDSC353,DLMEL,DL-MESME LOAN AGNST SHARE
PDSC204,DLEFL,DL-EFSME LOAN AGNST SHARE
PDSC1331,DLSBL,DL-SBSME LOAN AGNST SHARE
PDSC508,EBEFF,EB-EFSME EXP BILLS SIGHT
PDSC342,BDLCR,BD - LACOR BILL DISCOUNT
PDSC999,EBEFI,EB-EFSME EXP BILLS USANCE
PDSC973,EBSBF,EB-SBSME EXP BILLS SIGHT
PDSC569,EBSBI,EB-SBSME EXP BILLS USANCE
PDSC1820,BDMCR,BD - MDCOR BILL DISCOUNT
PDSC571,BDPCR,BD - PFCOR BILL DISCOUNT
PDSC264,BDMSE,BD - MESME BILL DISCOUNT
PDSC1508,BDESE,BD - EFSME BILL DISCOUNT
PDSC1295,BDSSE,BD - SBSME BILL DISCOUNT
PDSC1189,DLSAM,DEMAND LOAN SAM CELL
PDSC386,TLMDM,TL - MDCOR MONTHLY
PDSC59,DLLUK,DL-DLLUK LAGHU UDHYAM KARZA
PDSC559,NAEPL,DL-SAGARMATHA HOME  EQUITY LOAN
PDSC912,NAEDL,DL-SAGARMATHA HOME EQUITY LOAN
PDSC1528,NARHL,TL-SAGARMATHA RESIDENTAL HOME LOAN
PDSC1818,FELDL,DL-FOREIGN EMPLOYMENT LOAN
PDSC166,NAETL,TL-SAGARMATHA  HOME EQUITY LOAN
PDSC728,PLDLN,DL-PERSONAL LOAN
PDSC723,DLIND,DL-INDIRECT DEPRIVED SECTOR LENDING
PDSC189,PRBFQ,SAGARMATHA PREMIUM BUSINESS LOAN-PRBFQ
PDSC1532,FTBTL,SAGARMATHA FAST TRACK BUSINESS LOAN-FTBTL
PDSC691,PRBFT,SAGARMATHA PREMIUM BUSINESS LOAN PRBFT
PDSC279,PRBDL,SAGARMATHA PREMIUM BUSINESS LOAN PRBDL
PDSC1486,PRBDQ,SAGARMATHA PREMIUM BUSINESS LOAN PRBDQ
PDSC725,SCGTL,TL-SUPE UTTAM GHAR KARJA-SCGTL
PDSC913,SCBTL,FTL-SUPER UTTAM BYAWASAYA KARJA-SCBTL
PDSC1583,SCQTL,FTL-SUPER UTTAM BYAWASAYA KARJA-SCQTL
PDSC389,SCFTL,FL-SUPER UTTAM GHAR KARJA-SCFTL
PDSC656,SCSTM,SUPER UTTAM SHORT  TERM (WC) MONTHLY-SCSTM
PDSC566,TLLGB,LAGHU GHARELU TATHA SANA UDHYAM BYAWASAYA KARZA
PDSC865,SBLDN,DL-SMALL BUSINESS LOAN-DEMAND LOANV-SBLDN
PDSC1731,SBLTM,TL-SMALL BUSINESS LOAN -TERM LOAN-SBLTM
PDSC1477,SBLTQ,TL- SMALL BUSINESS LOAN- TERM LOAN-SBLTQ
PDSC1802,DLFDM,DL- LOAN AGAINST FIXED DEPOSIT- NORMAL FD
PDSC1452,SBLDQ,DL-SAGARMATHA SMALL BUSINESS LOAN -SBLDQ
PDSC1695,SBDLQ,DL-SAGARMATHA SMALL BUSINESS LOAN -SBDLQ
PDSC205,WCTEM,WORKING CAPITAL TERM LOAN-EASY BUSINESS LOAN-MONTHLY-WCTEM
PDSC659,CCCLM,CASH CREDIT LIMIT-COPORATE LOAN-MONTHLY
PDSC245,SCQDL,DL-SUPER UTTAM BYAWASAYA KARJA-SCQDL
PDSC203,SCQTR,TR-SUPER UTTAM BYAWASAYA KARJA-SCQTR
PDSC1773,PLQ01,PERSONAL TERM LOAN SECURED BY REAL ESTATE COLLATERAL-UNDER REGULATORY RETAIL PORTFOLIO-QUARTERLY
PDSC898,TLMUK,TL-DSL MAHILA UDHAYMI  KARZA
PDSC29,DLMUK,DL-DLMUK MAHILA UDHYAN KARZA
PDSC1620,DLCAL,DL-DLCAL COMMERICAL AGRICULTRAL LOAN
PDSC319,DLNSS,DL-DLNSS DEMAND LOAN SAJILO SUBIDHA
PDSC1647,TLSMU,TL-SAHULIYAT MAHILA UDHYAMSHIL KARZA
PDSC1291,PBLTL,SAGARMATHA  PRIORITY BUSINESS LOAN-PBLTL
PDSC275,PBFTL,SAGARMATHA PRIORITY BUSINESS LOAN-PBFTL
PDSC1318,PBLTQ,SAGARMATHA PRIORITY BUSINESS LOAN PBLTQ
PDSC591,PBLDQ,SAGARMATHA PRIORITY BUSINESS LOAN PBLDQ
PDSC1350,PLADV,PERSONAL LOAN-TERM LOAN-ADVANCE SALARY
PDSC71,SCBDL,DL-SUPER UTTAM BYAWASAYA KARJA-SCBDL
PDSC53,SCBTR,TR-SUPER UTTAM BYAWASAYA KARJA-SCBTR
PDSC1320,SCFHL,TL-SUPER CHMATKARIK GHAR KARJA-SCFHL
PDSC283,SCOAL,TL-SUPER UTTAM SAWARI KARJA-SCOAL
PDSC102,SCWAL,TL-SUPER CHAMARTKARIK SAWARI KARJA-SCWAL
PDSC1805,SRQTL,TL-SUPER UTTAM GHAR KARJA-SRQTL
PDSC638,SCSAL,TL-SCSAL
PDSC322,CCROM,CREDIT CARD REPAYMENT OPTION WITHOUT COLLATERAL-CCROM
PDSC561,SCCTM,TL-SUPER UTTAM BYAWASAIK KARJA-SCCTM
PDSC1088,TLSYB,SANA YATAYAT BYAWASAYA KARZA
PDSC101,TLDSB,TL-DALIT SAMUDAYA BYABASAYA BIKASH KARZA
PDSC1018,TLUPB,TL-UCHHA RA PRABIDHIK TATHA BYABASAYIK SIKSHYA KARZA
PDSC1380,RCOVQ,TL-RESTRUCTURING COVID QUARTERLY
PDSC633,SCSTQ,SUPER UTTAM SHORT TERM(WC) QUARTERLY SCSTQ
PDSC96,TLSSB,SANA SEWA BYAWASAYA KARZA
PDSC502,TLYPK,TL YUVA PRIYOJANA KARZA
PDSC1418,TLBPN,TL BHUKAMPA PIDIT HARUKO NIJI AWAS NIRMAN KARZA
PDSC1296,SCCTQ,TL-SUPER UTTAM BYAWASAIK KARJA-SCCTQ
PDSC1086,TLSPB,SANA PARYATAN BYAWASAYA KARZA
PDSC578,TLSCA,TL-COMMERCIAL AGRICULTURE AND LIVESTOCK LOAN 10 LAKH
PDSC556,TLSYW,TL-SHISHIT YUVA SWAROJGAR KARZA
PDSC1573,RLQTL,TL-RLQTL
PDSC772,RCOVM,TL-RESTRUCTURING COVID MONTHLY
PDSC1261,DPCOV,DEFFERAL PRINCIPAL COVID
PDSC37,DICOV,DEFFERAL INTEREST COVID
PDSC641,SBLDL,DL-SMALL BUSINESS LOAN- DEMAND LOAN-SBLDL
PDSC1054,SBTLQ,TL-SMALL BUSINESS LOAN- TERM LOAN-SBTLQ
PDSC1146,EBLDL,DL-EASY BUSINESS LOAN- DEMAND LOAN - EBLDL
PDSC856,SBTLM,TL-SMALL BUSINESS LOAN- TERM LOANS -SBTLM
PDSC345,PLDKM,PERSONAL DEMAND LOAN KATHMANDU METROPOLITIAN CITY- PLDKM
PDSC485,PLAKM,PERSONAL ADVANCE SALARY TERM LOAN KATHMANDU METROPOLITIAN CITY- PLAKM
PDSC1074,DLFSM,DL-LOAN AGAINST FIXED DEPOSIT FOR STAFFS
PDSC661,DLFMM,DL-LOAN AGAINST UTKRISTA 10X FIXED YOJANA- FOR MINOR
PDSC1129,DLFMQ,DL-LOAN AGAINST UTKRISTA 10X FIXED YOJANA - FOR MINOR
PDSC1061,PLTKM,PERSONAL TERM LOAN KATHMANDU METROPOLITAN CITY - PLTKM
PDSC615,CCAPQ,ADIK-PREMIUM BUSINESS LOAN-CASH CREDIT LIMIT-QUARTERLY
PDSC1458,SAPRM,ADIK-PREMIUM BUSINESS LOAN-SHORT TERM LOAN-MONTHLY
PDSC1415,CAPRQ,ADIK-PREMIUM BUSINESS LOAN-CAPEX FINANCING TERM LOAN-QUARTERLY
PDSC240,WAEBM,ADIK-EASY BUSINESS LOAN-WORKING CAPITAL TERM LOAN-MONTHLY
PDSC1211,DALAM,DL-ADIK LOAN AGAINST SHARES MONTHLY
PDSC870,CACLM,CAPEX FINANCING TERM LOAN-COPORATE LOAN-MONTHLY
PDSC288,WCTPQ,WORKING CAPITAL TERM LOAN-PREMIUM BUSINESS LOAN QUARTERLY- WCTP
PDSC792,TLAHL,TL-SAGARMATHA ADIK GHAR KARJA
PDSC1867,CCEBM,CASH CREDIT LIMIT-EASY BUSINESS LOAN-MONTHLY-CCEBM
PDSC1001,OLAFD,ONLINE LOAN AGAINST FIXED DEPOSIT
PDSC927,SASBM,ADIK-SMALL BUSINESS LOAN-SHORT TERM LOAN-MONTHLY
PDSC743,CCASQ,ADIK-SMALL BUSINESS LOAN-CASH CREDIT LIMIT-QUARTERLY
PDSC512,CCSBM,CASH CREDIT LIMIT-SMALL BUSINESS LOAN-MONTHLY-CCSBM
PDSC1407,CCPRQ,CASH CREDIT LIMIT-PREMIUM BUSINESS LOAN-QUARTERLY-CCPRQ
PDSC1279,CCAPM,ADIK-PREMIUM BUSINESS LOAN-CASH CREDIT LIMIT-MONTHLY
PDSC884,SAPRQ,ADIK-PREMIUM BUSINESS LOAN-SHORT TERM LOAN-QUARTERLY
PDSC1830,WCCLM,WORKING CAPITAL TERM LOAN -COPORATE LOAN-MONTHLY
PDSC1567,CACLQ,CAPEX FINANCING TERM LOAN-COPORATE LOAN-TERM LOAN-QUARTERLY
PDSC1520,CCSBQ,CASH CREDIT LIMIT-SMALL BUSINESS LOAN-QUARTERLY-CCSBQ
PDSC1743,WCTEQ,WORKING CAPITAL TERM LOAN- EASY BUSINESS LOAN-QUARTERLY-WCTEQ
PDSC766,WCCLQ,WORKING CAPITAL TERM LOAN -COPORATE LOAN-QUARTERLY
PDSC1194,VLRST,VEHICLE LOAN RESIGNED STAFF
PDSC774,WCTSQ,WORKING CAPITAL TERM LOAN-SMALL BUSINESS LOAN-QUARTERLY-WCTSQ
PDSC31,CCPRM,CASH CREDIT LIMIT-PREMIUM BUSINESS LOAN-MONTHLY-CCPRM
PDSC645,TQAHL,TL-SAGARMATHA ADIK GHAR KARJA QUARTERLY
PDSC366,CAPRM,ADIK-PREMIUM BUSINESS LOAN-CAPEX FINANCING TERM LOAN-MONTHLY
PDSC1372,CCEBQ,CASH CREDIT LIMIT-EASY BUSINESS LOAN-QUARTERLY-CCEBQ
PDSC1214,SASBQ,ADIK-SMALL BUSINESS LOAN-SHORT TERM LOAN-QUARTERLY
PDSC98,WCTSM,WORKING CAPITAL TERM LOAN-SMALL BUSINESS LOAN MONTHLY-WCTSM
PDSC211,WASBM,ADIK-SMALL BUSINESS LOAN-WORKING CAPITAL TERM LOAN-MONTHLY
PDSC610,CASBM,ADIK-SMALL BUSINESS LOAN-CAPEX FINANCING TERM LOAN-MONTHLY
PDSC873,WAEBQ,ADIK-EASY BUSINESS LOAN-WORKING CAPITAL TERM LOAN-QUARTERLY
PDSC61,DALAS,DL-ADIK LOAN AGAINST SHARES QUARTERLY
PDSC651,CAEBM,ADIK-EASY BUSINESS LOAN-CAPEX FINANCING TERM LOAN-MONTHLY
PDSC910,WCTPM,WORKING CAPITAL TERM LOAN-PREMIUM BUSINESS LOAN-MONTLHY-WCTPM
PDSC715,CASBQ,ADIK-SMALL BUSINESS LOAN-CAPEX FINANCING TERM LOAN-QUARTERLY
PDSC532,WAPRQ,ADIK-PREMIUM BUSINESS LOAN-WORKING CAPITAL TERM LOAN-QUARTERLY
PDSC526,WAPRM,ADIK-PREMIUM BUSINESS LOAN-WORKING CAPITAL TERM LOAN-MONTHLY
PDSC734,CCASM,ADIK-SMALL BUSINESS LOAN-CASH CREDIT LIMIT-MONTHLY
PDSC679,CCCLQ,CASH CREDIT LIMIT-COPORATE LOAN-QUARTERLY
PDSC1045,WASBQ,ADIK-SMALL BUSINESS LOAN-WORKING CAPITAL TERM LOAN-QUARTERLY
PDSC1798,CAEBQ,ADIK-EASY BUSINESS LOAN-CAPEX FINANCING TERM LOAN-QUARTERLY
PDSC1700,ODRTL,OVERDRAFT-RETAIL
PDSC104,ODPRI,OVERDRAFT-PRIORITY
PDSC1784,ODWOC,OVERDRAFT-WORKING CAPITAL
PDSC682,ODMOR,OVERDRAFT-MORTGAGE
PDSC464,ODOTH,OVERDRAFT-OTHERS
PDSC436,ODSLV,LOAN AGAINST SILVER
PDSC432,SPODL,UTTAM TALAB BACHAT KHATA
PDSC1020,ODALY,OD - AGRL LOAN FOR YOUTHS
PDSC1503,CA026,SAGARMATHA INTERNATIONAL REMITTANCE PARTNERS ACCOUNT
PDSC946,OD001,DOUBLE DEPOSIT OVERDRAFT
PDSC1698,ODNSS,OD SAJILO SUBHIDA
PDSC1219,NEEOD,SAGARMATHA EASY HOME EQUITY-LAMP
PDSC721,ODLFF,OVERDRAFT-LOYALTY FINANC
PDSC191,CA011,KA KHATA (REVENUE A/C)
PDSC1283,CA012,KHA KHATA (OTHER'S A/C)
PDSC548,CA013,GA KHATA ACCOUNT
PDSC1491,BLB01,BLB ADVANCE TO AGENT
PDSC608,ODGSC,HOME LOAN GRAND
PDSC649,ODMEM,PERSONAL OD MEDIUM ENT MO
PDSC1264,ODBUM,LOAN MEDIUM ENTER MON
PDSC858,ODCOM,LOAN MID MARKET MONTH
PDSC528,ODCHL,SAGARMATHA CHAMATKARI OD LOA
PDSC317,SBLOQ,SAGARMATHA SMALL BUSINESS LOAN -SBLOQ
PDSC241,SBODQ,SAGARMATHA SMALL BUSINESS LOAN -SBODQ
PDSC989,ODCOR,CORPORATE SECTOR
PDSC751,ODBUS,BUSINESS
PDSC1168,EAODL,EQUITY-AUTO
PDSC1178,EGODL,EQUITY-GOLD
PDSC323,ERODL,EQUITY-REAL ESTATE
PDSC1692,CALCY,CURRENT A/C LOCAL CY
PDSC1767,RPODL,OVERDRAFT-RETAIL-PERSONAL
PDSC1323,ODDEP,DEPRIVED
PDSC948,ODEFS,EFS
PDSC1684,ODCCM,COR-CASH-BACK-MONTHLY
PDSC726,ODCCQ,COR-CASH BACK-QUARTRLY
PDSC1504,ODCML,COR-MARGIN LEND-QRTLY
PDSC340,ODBCQ,MID MARKE-CB-QUARTERLY
PDSC1854,ODBML,MID MARK-LEN-QUARTERLY
PDSC932,OFEXP,E-TICKET EXPENSES
PDSC845,ODECM,EFS-CASH-BACK-MONTHLY
PDSC46,ODGLD,OVERDRAFT-GOLD-QUARTERLY
PDSC308,ODSBL,OVERDRAFT SBL
PDSC131,ODSME,SME OVERDRAFT
PDSC1799,ODSTF,STAFF CURRENT ACCOUNT
PDSC494,EBLOQ,SAGARMATHA EASY BUSINESS LOAN -EBLOQ
PDSC1056,CACOP,OVERDRAFT ACOUNTS
PDSC1535,ODMEP,SME-PERSONAL-QUARTERLY
PDSC568,ODLCP,LACOR PERSONAL OD
PDSC648,ODCMQ,MDCOR LOAN AGAINST FD
PDSC1209,ODCMM,MDCOR LON AGT FD-MONTH
PDSC936,ODMCP,MDCOR PERSONAL OD
PDSC1085,ODSBM,SMALL BUS LOAN MONTHLY
PDSC971,ODEFL,EFSME LOAN AGNST SHARE
PDSC40,PLOVD,OD -PERSONAL LOAN
PDSC114,FELOD,FOREIGN EMPLOYMENT LOAN
PDSC1847,CA022,CURRENT BFI FCY DEPOSIT
PDSC586,NAOVD,SAGARMATHA HOME LOAN OD
PDSC105,PBLOD,SAGARMATHA PRIORITY BUSINESS LOAN-PBLOD
PDSC217,FTBOD,SAGARMATHA FAST TRACK BUSINESS LOAN -FTBOD
PDSC1722,PRBOD,SAGARMATHA PREMIUM BUSINESS LOAN-PRBOD
PDSC877,PBLOQ,SAGARMATHA PRIORITY BUSINESS LOAN-PBLOQ
PDSC165,ODEPQ,WORKING CAPITAL LOAN-SAGARMATHA EMPLOYER'S OD LOAN QUARTERLY
PDSC781,PRBOQ,SAGARMATHA PREMIUM BUSINESS LOAN-PRBOQ
PDSC809,ODEPM,WORKING CAPITAL LOAN-SAGARMATHA EMPLOYER'S OD LOAN-MONTHLY
PDSC1221,SCODL, SUPER UTTAM TALAB KHATA SCODL
PDSC829,SCBOD,SUPER UTTAM BYAWASAYA KARJA-SCBOD
PDSC1617,SCGOD,SUPER UTTAM GHRA KARJA-SCGOD
PDSC1748,SCQOD,SUPER UTTAM BYAWASAYA KARJA-SCQOD
PDSC1860,SRQOD,SUPER UTTAM GHAR KAIJA-SRQOD
PDSC370,RLQOD,RLQOD
PDSC1003,CA027,CURRENT QR ACCOUNT
PDSC1097,SBLOD,OD -SMALL BUSINESS LOAN- OVERDRAFT SBLOD
PDSC678,SBOVD,SMALL BUSINESS LOAN-OVERDRAFT-SBOVD
PDSC1831,CA030,KMC REVENUE PARKING ACCOUNT
PDSC617,EBLOD, EASY BUSINESS LOAN- OVERDRAFT- EBLOD
PDSC1276,CA031,UTKRISTA MERCHANT CURRENT ACCOUNT
PDSC1584,PLOKM,PERSONAL OVERDRAFT LOAN KATHMANDU METROPOLITIAN CITY - PLOKM
PDSC820,ODFMQ,LOAN AGAINST UTKRISTA 10X FIXED YOJANA - FOR MINOR
PDSC1612,OQAHL,SAGARMATHA ADIK GHAR KARJA OVERDRAFT QUARTERLY
PDSC632,ODAHL,SAGARMATHA ADIK GHAR KARJA OVERDRAFT
PDSC607,OALAM,ADIK LOAN AGAINST SHARES MONTHLY
PDSC1434,OALAS,ADIK LOAN AGAINST SHARES QUARTERLY
PDSC1440,CA024,CURRENT ACCOUNT FCY-INDIVIDUAL
PDSC1745,CAFCY,CURRENT ACCOUNT FCY-INSTITUTION
PDSC307,CA025,CURRENT KABELI FCY DEPOSIT
PDSC117,CA033,GA KHARCHA KHATA - BIJOR BARSA
PDSC694,CA032,GA KHARCHA KHATA - JOR BARSA
PDSC1445,ODFMM, LOAN AGAINST UTKRISTA 10X FIXED YOJANA- FOR MINOR
PDSC1426,CDLCY,AGENCY CURRENT A/C LOCAL CY
PDSC1068,ODFDM,LOAN AGAINST FIXED DEPOSIT- NORMAL FD
PDSC74,ODRST,RESIGNED STAFF
PDSC328,PCGEN,PACKING CREDIT GENERAL
PDSC383,IBLUS,INTER-BANK LENDING USD
PDSC150,IBLGB,INTER-BANK LENDING GBP
PDSC315,IBLIN,INTER-BANK LENDING INR
PDSC156,IBLNP,INTER-BANK LENDING NPR
PDSC1572,IBLSG,INTER-BANK LENDING SGD
PDSC684,IBLJP,INTER-BANK LENDING JPY
PDSC449,MCLEN,MONEY AT CALL
PDSC1207,DB001,BOND INVESTMENT USD
PDSC1763,RR001,REVERSE REPO
PDSC1344,TRLON,TR LOAN - BUSINESS
PDSC385,DLCOR,DEMAND LOAN - CORPORATE
PDSC177,TRCOR,TR LOAN - CORPORATE
PDSC542,TRBUS,TR LOAN - BUSINESS
PDSC790,TBILL,TREASURY BILLS
PDSC988,IBLSP,INTER-BANK LENDING-SP
PDSC1310,DLBUS,DEMAND LOAN - BUSINESS
PDSC1300,PCBUS,PACKING CREDIT-BUSINESS
PDSC172,PCCOR,PACKING CREDIT-CORPORATE
PDSC754,IBLEN,INTER-BANK LENDING
PDSC330,SDCOR,SDL- CORPORATE
PDSC1569,SDMID,SDL-MID MARKET
PDSC550,DEVBN,DEVELOPMENT BOND
PDSC376,SDEFS,SDL-ENTERPRISE FIN SOLN
PDSC939,TREFS,TR LOAN -EFS
PDSC1738,DLEFS,DEMAND LOAN - EFS
PDSC1781,PLPFS,PERSONAL LOAN - PFS
PDSC819,SDPFS,STRUCT DEMAND LOAN- PFS
PDSC1624,BDCOR,BILLS DISCOUNT-CORPORATE
PDSC1495,DLGLD,DEMAND LOAN - GOLD-QTRLY
PDSC1339,CORBN,CORPORATE BOND- CORBN
PDSC1689,IBLEU,INTER-BANK LENDING EUR
PDSC1100,NRBDC,NRB DEPOSIT COLLECTION
PDSC1626,DG001,MoBank
PDSC250,DG002,iTouch Internet Banking
PDSC109,DG003, POS
PDSC1416,DG004, QR
PDSC424,DG005,CyberSource eCommerce
PDSC1812,IV001,SAGARMATHA Capital DEMAT
