mac_tcc,mac_code,mac_iden,mac_labe,updated_at
X,1,4722,TRAVEL AGENCIES               ,2024-08-07 07:05:07.198
R,2,5944,JEWELRY STORES - WAT          ,2024-08-07 07:05:07.198
A,3,7512,AUTOMOBILE RENTAL &           ,2024-08-07 07:05:07.198
H,4,3505,FORTE HOTELS                  ,2024-08-07 07:05:07.198
H,5,7011,"HOTELS,MOTELS,RESORT          ",2024-08-07 07:05:07.198
R,6,5992,FLORISTS                      ,2024-08-07 07:05:07.198
R,7,5631,WOMEN`S ACCESSORY AN          ,2024-08-07 07:05:07.198
A,8,3393,NATIONAL CAR RENTAL           ,2024-08-07 07:05:07.198
R,9,5712,"FURNITURE,HOME FURNI          ",2024-08-07 07:05:07.198
F,10,5812,"EATING PLACE,RESTAU           ",2024-08-07 07:05:07.198
R,11,5611,MEN`S AND BOYS` CLOT          ,2024-08-07 07:05:07.198
R,12,5621,WOMEN`S READY-TO-WEA          ,2024-08-07 07:05:07.198
R,13,5947,"GIFT,CARD,NOVELTY AN          ",2024-08-07 07:05:07.198
X,14,4511,"AIRLINES, AIR CARRIE          ",2024-08-07 07:05:07.198
R,15,5411,"GROCERY STORES,SUPER          ",2024-08-07 07:05:07.198
R,16,7221,PHOTOGRAPHIC STUDIOS          ,2024-08-07 07:05:07.198
H,17,3637,RAMADA INNS                   ,2024-08-07 07:05:07.198
R,18,8999,"SERVICES,NOT ELSEWHE          ",2024-08-07 07:05:07.198
R,19,7841,DVD/VIDEO TAPE                ,2024-08-07 07:05:07.198
R,20,8021,"DENTISTS,ORTHODONTIS          ",2024-08-07 07:05:07.198
X,21,3175,MIDDLE EAST AIR               ,2024-08-07 07:05:07.198
R,22,8011,"DOCTORS, PHYSICIANS           ",2024-08-07 07:05:07.198
X,23,3015,SWISS INT. AIRLINES           ,2024-08-07 07:05:07.198
R,24,5997,ELECTRIC RAZOR STORE          ,2024-08-07 07:05:07.198
R,25,5661,SHOE STORES                   ,2024-08-07 07:05:07.198
R,26,5941,SPORTING GOODS STORE          ,2024-08-07 07:05:07.198
R,27,5912,"DRUG STORES,PHARMACI          ",2024-08-07 07:05:07.198
R,28,8044,OPTICAL GOODS & EYEG          ,2024-08-07 07:05:07.198
F,29,5813,DRINKING PLACES - BA          ,2024-08-07 07:05:07.198
H,30,3509,MARRIOTT HOTELS               ,2024-08-07 07:05:07.198
R,31,7210,"LAUNDRY,CLEANING & G          ",2024-08-07 07:05:07.198
R,32,7542,CAR WASHES                    ,2024-08-07 07:05:07.198
R,33,5541,SERVICE STATIONS              ,2024-08-07 07:05:07.198
R,34,7230,BEAUTY SHOPS & BARBE          ,2024-08-07 07:05:07.198
R,35,5722,HOUSEHOLD APPLIANCE           ,2024-08-07 07:05:07.198
R,36,5945,"HOBBY,TOY,AND GAME S          ",2024-08-07 07:05:07.198
H,37,3503,SHERATON                      ,2024-08-07 07:05:07.198
,38,4947,4947,2024-08-07 07:05:07.198
R,39,7298,HEALTH & BEAUTY SPAS          ,2024-08-07 07:05:07.198
R,40,8071,MEDICAL & DENTAL LAB          ,2024-08-07 07:05:07.198
,41,8063,X RAYS LAB.,2024-08-07 07:05:07.198
O,42,8062,HOSPITALS                     ,2024-08-07 07:05:07.198
R,44,5211,LUMBER AND BUILDING           ,2024-08-07 07:05:07.198
R,45,7911,"DANCE HALLS, STUDIOS          ",2024-08-07 07:05:07.198
R,46,8043,OPTICIANS & DISPENSI          ,2024-08-07 07:05:07.198
Z,47,6011,FINANCIAL INST ATM            ,2024-08-07 07:05:07.198
R,48,5942,BOOK STORES                   ,2024-08-07 07:05:07.198
R,49,5943,"STATIONERY,OFFICE,AN          ",2024-08-07 07:05:07.198
R,50,6300,INSURRANCE SALES AND          ,2024-08-07 07:05:07.198
R,51,4812,TELEPHONE SERVICE/EQ          ,2024-08-07 07:05:07.198
R,52,7299,MISCELLANEOUS PERSON          ,2024-08-07 07:05:07.198
R,53,5971,ART DEALERS & GALLER          ,2024-08-07 07:05:07.198
R,54,4215,COURIER SERVICES-AIR          ,2024-08-07 07:05:07.198
T,55,5965,COMBINATION CATALOG           ,2024-08-07 07:05:07.198
R,56,7311,ADVERTISING SERVICES          ,2024-08-07 07:05:07.198
R,57,5733,MUSIC STORES-MUSICAL          ,2024-08-07 07:05:07.198
R,58,4814,TELECOMMUNICATION SE          ,2024-08-07 07:05:07.198
R,59,7399,BUSINESS SERVICES             ,2024-08-07 07:05:07.198
R,60,5734,COMPUTER SOFTWARE ST          ,2024-08-07 07:05:07.198
T,61,5968,CONTINUITY/SUBSCRIPT          ,2024-08-07 07:05:07.198
T,62,5969,OTHER DIRECT MARKETE          ,2024-08-07 07:05:07.198
T,63,5192,BOOKS/PERIODICALS/NE          ,2024-08-07 07:05:07.198
R,64,1799,SPECIAL TRADE CONTRA          ,2024-08-07 07:05:07.198
R,65,7392,"MANAGEMENT, CONSULTI          ",2024-08-07 07:05:07.198
T,66,5045,COMPUTERS/PERIPHERAL          ,2024-08-07 07:05:07.198
R,67,8244,BUSINESS & SECRETARI          ,2024-08-07 07:05:07.198
R,68,7338,QUICK-COPY & REPRODU          ,2024-08-07 07:05:07.198
T,70,7379,COMPUTER MAIN/REPAIR          ,2024-08-07 07:05:07.198
R,71,5309,DUTY FREE STORES              ,2024-08-07 07:05:07.198
F,72,5814,FAST FOOD RES. (QUIC          ,2024-08-07 07:05:07.198
R,73,5311,DEPARTMENT STORES             ,2024-08-07 07:05:07.198
R,74,5441,"CANDY,NUT,CONFECTION          ",2024-08-07 07:05:07.198
R,75,5921,PACKAGE STORES - BEE          ,2024-08-07 07:05:07.198
R,76,5462,BAKERIES                      ,2024-08-07 07:05:07.198
R,77,5499,MISCELLANEOUS FOOD S          ,2024-08-07 07:05:07.198
F,78,5811,CATERERS                      ,2024-08-07 07:05:07.198
R,79,7997,MEMBERSHIP CLUBS              ,2024-08-07 07:05:07.198
R,80,4900,"UTILITIES-ELECTRIC,G          ",2024-08-07 07:05:07.198
R,81,5948,LUGGAGE AND LEATHER           ,2024-08-07 07:05:07.198
R,82,5641,CHILDREN`S AND INFAN          ,2024-08-07 07:05:07.198
R,83,5651,FAMILY CLOTHING STOR          ,2024-08-07 07:05:07.198
R,84,5949,"SEWING,NEEDLEWORK,FA          ",2024-08-07 07:05:07.198
T,85,5013,MOTOR VEHICLE PARTS/          ,2024-08-07 07:05:07.198
R,86,5975,"HEARING AID SALES,SE          ",2024-08-07 07:05:07.198
T,87,5065,ELECTRIC PARTS/EQUIP          ,2024-08-07 07:05:07.198
H,88,3583,SAS HOTELS                    ,2024-08-07 07:05:07.198
H,89,3640,HYATT HOTELS/INT`L            ,2024-08-07 07:05:07.198
H,90,3612,MOEVENPICK HOTELS             ,2024-08-07 07:05:07.198
R,91,5999,MISCELLANEOUS & SPEC          ,2024-08-07 07:05:07.198
H,92,3501,HOLIDAY INNS                  ,2024-08-07 07:05:07.198
T,93,4816,COMPUTER NETWORK/INF          ,2024-08-07 07:05:07.198
R,94,7261,FUNERAL SERVICE & CR          ,2024-08-07 07:05:07.198
T,95,5962,"TELEMARKETING,TRAVEL          ",2024-08-07 07:05:07.198
A,96,3405,ENTERPRISE RENT-A-CA          ,2024-08-07 07:05:07.198
R,97,5511,AUTOMOBILE & TRUCK D          ,2024-08-07 07:05:07.198
R,98,5995,PET SHOPS-PET FOODS           ,2024-08-07 07:05:07.198
T,99,5047,LAB/MEDIC/DENTAL/OPT          ,2024-08-07 07:05:07.198
T,100,5198,PAINTS/VARNISHES SUP          ,2024-08-07 07:05:07.198
R,101,4582,"AIRPORTS,FLYING FIEL          ",2024-08-07 07:05:07.198
R,102,7929,"BANDS, ORCHESTRAS             ",2024-08-07 07:05:07.198
R,103,7216,DRY CLEANERS                  ,2024-08-07 07:05:07.198
R,104,7217,CARPET AND UPHOLSTER          ,2024-08-07 07:05:07.198
R,105,7211,LAUNDRY SERVICES-FAM          ,2024-08-07 07:05:07.198
R,106,7033,TRAILER PARKS & CAMP          ,2024-08-07 07:05:07.198
R,107,5998,TENT & AWNING SHOPS           ,2024-08-07 07:05:07.198
R,108,6211,SECURITY BROKERS/DEA          ,2024-08-07 07:05:07.198
R,109,7012,TIMESHARES                    ,2024-08-07 07:05:07.198
R,110,7032,SPORTING AND RECREAT          ,2024-08-07 07:05:07.198
R,111,8099,MEDICAL SERVICES              ,2024-08-07 07:05:07.198
R,112,5732,"RADIO,TELEVISION AND          ",2024-08-07 07:05:07.198
R,113,5719,MISCELLANEOUS HOUSE           ,2024-08-07 07:05:07.198
R,114,5655,"SPORTS APPAREL,RIDIN          ",2024-08-07 07:05:07.198
R,115,5681,FURRIERS AND FUR SHO          ,2024-08-07 07:05:07.198
R,116,5697,"TAILORS,SEAMSTRESS,M          ",2024-08-07 07:05:07.198
R,117,8299,SCHOOLS & EDUCATIONA          ,2024-08-07 07:05:07.198
R,118,8241,CORRESPONDENCE SCHOO          ,2024-08-07 07:05:07.198
R,119,5200,"HOME SUPPLY, WAREHOU          ",2024-08-07 07:05:07.198
R,120,5977,COSMETIC STORES               ,2024-08-07 07:05:07.198
U,121,7995,GAMBLING TRANSACTION          ,2024-08-07 07:05:07.198
T,122,2842,SPECIAL CLEAN/POLISH          ,2024-08-07 07:05:07.198
R,123,8049,"CHIROPODISTS,PODIATR          ",2024-08-07 07:05:07.198
X,124,3014,SAUDI ARABIAN AIRLIN          ,2024-08-07 07:05:07.198
R,125,8211,ELEMENTARY & SECONDA          ,2024-08-07 07:05:07.198
H,126,3520,MERIDIEN                      ,2024-08-07 07:05:07.198
R,127,7999,AMUSEMENT & RECREATI          ,2024-08-07 07:05:07.198
R,128,7993,VIDEO AMUSEMENT GAME          ,2024-08-07 07:05:07.198
R,129,7994,VIDEO GAMES ARCADES/          ,2024-08-07 07:05:07.198
R,130,7996,"AMUSEMENT PARKS,CIRC          ",2024-08-07 07:05:07.198
R,131,7998,"AQUARIUMS,SEAQUARIUM          ",2024-08-07 07:05:07.198
R,132,8031,OSTEOPATHIC PHYSICIA          ,2024-08-07 07:05:07.198
R,133,5599,MISCELLANEOUS AUTOMO          ,2024-08-07 07:05:07.198
T,134,5039,CONSTUCTION MATERIAL          ,2024-08-07 07:05:07.198
R,135,5933,PAWN SHOPS                    ,2024-08-07 07:05:07.198
T,136,5072,HARDWARE EQUIPMENT/S          ,2024-08-07 07:05:07.198
R,137,5699,MISCELLANEOUS APPARE          ,2024-08-07 07:05:07.198
R,138,4214,MOTOR FREIGHT CARRIE          ,2024-08-07 07:05:07.198
R,139,5996,SWIMMING POOLS                ,2024-08-07 07:05:07.198
R,140,5993,CIGAR STORES AND STA          ,2024-08-07 07:05:07.198
O,141,8220,COLLEGE/UNIVERSITY            ,2024-08-07 07:05:07.198
R,142,8398,CHARITABLE CONTRIBUT          ,2024-08-07 07:05:07.198
R,143,5251,HARDWARE STORES               ,2024-08-07 07:05:07.198
H,144,3543,FOUR SEASONS                  ,2024-08-07 07:05:07.198
H,145,3542,ROYAL HOTELS                  ,2024-08-07 07:05:07.198
H,146,3587,DORAL HOTELS                  ,2024-08-07 07:05:07.198
H,147,3595,HOSPITALITY INNS              ,2024-08-07 07:05:07.198
R,148,7549,TOWING SERVICES               ,2024-08-07 07:05:07.198
R,149,9311,TAX PAYMENTS                  ,2024-08-07 07:05:07.198
T,150,5193,FLORIST/NURSERY STOC          ,2024-08-07 07:05:07.198
X,151,3111,BRITISH MIDLAND               ,2024-08-07 07:05:07.198
U,152,6051,"FOREIGN CURRENCY,MON          ",2024-08-07 07:05:07.198
R,153,7932,BILLIARD AND POOL ES          ,2024-08-07 07:05:07.198
,16841,3068,Air Astana,2024-08-07 07:05:07.198
,16861,3069,Sun Country Airlines,2024-08-07 07:05:07.198
,16961,3824,Aria (Aria Resort and Casino),2024-08-07 07:05:07.198
,16981,3825,Vdara (Vdara Hotel and Spa),2024-08-07 07:05:07.198
,17001,3826,Autograph,2024-08-07 07:05:07.198
,17021,3827,Galt House,2024-08-07 07:05:07.198
,17041,3828,Cosmopolitan of Las Vegas,2024-08-07 07:05:07.198
,17061,3829,Country Inn by Carlson,2024-08-07 07:05:07.198
,17081,3830,Park Plaza Hotel,2024-08-07 07:05:07.198
,17101,3831,Waldorf,2024-08-07 07:05:07.198
,17121,5815,"Digital Goods?Audiovisual Media Including Books, Movies, and Music",2024-08-07 07:05:07.198
,17141,5816,Digital Goods?Games,2024-08-07 07:05:07.198
,17161,5817,Digital Goods?Software Applications (Excluding Games),2024-08-07 07:05:07.198
,17181,5818,Digital Goods?Multi-Category,2024-08-07 07:05:07.198
,17201,6538,MoneySend Funding,2024-08-07 07:05:07.198
,17221,6540,POI Funding Transactions (Excluding MoneySend),2024-08-07 07:05:07.198
,17241,7800,Government Owned Lottery (U.S. Region Only),2024-08-07 07:05:07.198
,17261,3600,Saddlebrook Resort?Tampa,2024-08-07 07:05:07.198
,17281,3601,TradeWinds Resorts,2024-08-07 07:05:07.198
,17301,3605,Jurys Doyle Hotel Group,2024-08-07 07:05:07.198
,17321,3606,Jefferson Hotel,2024-08-07 07:05:07.198
,17341,3619,aloft (aloft hotels),2024-08-07 07:05:07.198
,17361,3626,Studio Plus,2024-08-07 07:05:07.198
,17381,3627,Extended Stay America,2024-08-07 07:05:07.198
,17401,3630,Extended Stay Deluxe,2024-08-07 07:05:07.198
,17421,3816,Home2 Suites by Hilton,2024-08-07 07:05:07.198
,17441,3817,Affinia,2024-08-07 07:05:07.198
,17461,3823,Grand Sierra Resort,2024-08-07 07:05:07.198
,18461,999,testo,2024-08-07 07:05:07.198
,18841,1111,test,2024-08-07 07:05:07.198
,18881,1112,qualif,2024-08-07 07:05:07.198
,19641,1,TEST,2024-08-07 07:05:07.198
,19661,2,MerchatCat2wxwx,2024-08-07 07:05:07.198
,20041,666,Test,2024-08-07 07:05:07.198
,20441,998,Test,2024-08-07 07:05:07.198
,21241,4892,TEST_PRAKASH,2024-08-07 07:05:07.198
,21641,3839,Kyoritsu Hotels,2024-08-07 07:05:07.198
,21661,5723,Gun and Ammunition Store,2024-08-07 07:05:07.198
,22041,742,Veterinary services,2024-08-07 07:05:07.198
,22061,3419,ALPHA RENT-A-CAR,2024-08-07 07:05:07.198
,22081,3440,VIA ROUTE RENT-A-CAR,2024-08-07 07:05:07.198
,22101,5262,Online marketplaces (e-commerce or mobile application),2024-08-07 07:05:07.198
,22121,7778,Citishare Cash Advance,2024-08-07 07:05:07.198
,22141,3070,Fly Dubai,2024-08-07 07:05:07.198
,22161,3303,Tigerair,2024-08-07 07:05:07.198
,22181,3308,China Southern,2024-08-07 07:05:07.198
,22201,9406,"GOVERNMENT-OWNED LOTTERY GLOBAL, EXCLUDING U.S. REGION",2024-08-07 07:05:07.198
,22221,3301,Wizz Air,2024-08-07 07:05:07.198
,22241,3300,AZUL AIR,2024-08-07 07:05:07.198
,22441,4829,WIRE TRANSFER MONEY ORDERS,2024-08-07 07:05:07.198
,22461,5960,Direct Marketing insurance S,2024-08-07 07:05:07.198
,22841,6010,FIN INST MANUAL CASH,2024-08-07 07:05:07.198
A,23241,3168,Hainan Airlines,2024-08-07 07:05:07.198
R,1000000,4899,CABLE/SAT/TV/RADIO            ,2024-08-07 07:05:07.198
R,1000400,9399,GOVERNMENT SERVICES           ,2024-08-07 07:05:07.198
R,1000800,5972,STAMP & COIN STORES           ,2024-08-07 07:05:07.198
R,1000820,7349,CLEANING & MAINTENAN          ,2024-08-07 07:05:07.198
R,1001200,6012,FINANCIAL INSTITUTIO          ,2024-08-07 07:05:07.198
R,1001600,8111,"LEGAL SERVICES,ATTOR          ",2024-08-07 07:05:07.198
R,1001620,8699,MEMBERSHIP ORGANIZAT          ,2024-08-07 07:05:07.198
R,1002800,9402,POSTAGE STAMPS                ,2024-08-07 07:05:07.198
R,1003600,7278,BUYING/SHOPPING SERV          ,2024-08-07 07:05:07.198
R,1004000,3560,ALADDIN RESORTCASINO          ,2024-08-07 07:05:07.198
R,1004020,3079,JETSTAR AIRWAYS               ,2024-08-07 07:05:07.198
R,1004040,3131,VLM AIRLINES                  ,2024-08-07 07:05:07.198
R,1004400,5261,"NURSERIES,LAWN & GAR          ",2024-08-07 07:05:07.198
R,1004800,1711,"HEATING,PLUMBING,AIR          ",2024-08-07 07:05:07.198
R,1004820,5451,DAIRY PRODUCTS STORE          ,2024-08-07 07:05:07.198
R,1005200,5422,FREEZER AND LOCKER M          ,2024-08-07 07:05:07.198
T,1005600,7375,INFO RETRIEVAL SERVI          ,2024-08-07 07:05:07.198
R,1006000,3019,GRMNMNGSAIR                   ,2024-08-07 07:05:07.198
R,1006020,3059,DBA AIR                       ,2024-08-07 07:05:07.198
R,1006040,3062,HLX AIR                       ,2024-08-07 07:05:07.198
R,1006060,3608,GAYLORD OPRYLAND              ,2024-08-07 07:05:07.198
R,1006080,3609,GAYLORD PALMS                 ,2024-08-07 07:05:07.198
R,1006100,3613,MICROTEL INNS                 ,2024-08-07 07:05:07.198
R,1006580,5331,VARIETY STORES                ,2024-08-07 07:05:07.198
X,1006980,4789,TRANSPORTATION SERVI          ,2024-08-07 07:05:07.198
,1007780,3819,Oxfor Suites,2024-08-07 07:05:07.198
,1007800,3820,Jumierah Essex Hous,2024-08-07 07:05:07.198
,1007820,3821,Cribe Royale,2024-08-07 07:05:07.198
X,1007840,3072,CEBU PAC                      ,2024-08-07 07:05:07.198
X,1008180,3186,LAP (PARAGUAY)                ,2024-08-07 07:05:07.198
X,1008200,3187,LACSA                         ,2024-08-07 07:05:07.198
X,1008220,3190,JUGOSLAV AIR                  ,2024-08-07 07:05:07.198
X,1008240,3191,ISLAND AIRLINES               ,2024-08-07 07:05:07.198
X,1008260,3192,IRAN NATIONAL                 ,2024-08-07 07:05:07.198
X,1008280,3193,INDIAN AIRLINES               ,2024-08-07 07:05:07.198
X,1008300,3196,HAWAIIAN AIR                  ,2024-08-07 07:05:07.198
X,1008320,3197,HAVASU AIRLINES               ,2024-08-07 07:05:07.198
X,1008340,3200,GUYANA AIRWAYS                ,2024-08-07 07:05:07.198
X,1008360,3203,GOLDEN PACIFIC AIR            ,2024-08-07 07:05:07.198
X,1008380,3204,FREEDOM AIRLINES              ,2024-08-07 07:05:07.198
X,1008400,3212,DOMINICANA                    ,2024-08-07 07:05:07.198
X,1008420,3215,DAN AIR SERVICES              ,2024-08-07 07:05:07.198
X,1008440,3216,CUMBERLAND AIRLINES           ,2024-08-07 07:05:07.198
X,1008460,3217,CSA                           ,2024-08-07 07:05:07.198
X,1008480,3218,CROWN AIR                     ,2024-08-07 07:05:07.198
X,1008500,3219,COPA                          ,2024-08-07 07:05:07.198
X,1008520,3220,COMPANIA FAUCETT              ,2024-08-07 07:05:07.198
X,1008540,3221,TRANSPORTES AEREOS M          ,2024-08-07 07:05:07.198
X,1008560,3222,COMMAND AIRWAYS               ,2024-08-07 07:05:07.198
X,1008580,3223,COMAIR                        ,2024-08-07 07:05:07.198
X,1008600,3228,CAYMAN AIRWAYS                ,2024-08-07 07:05:07.198
X,1008620,3229,SAETA                         ,2024-08-07 07:05:07.198
X,1008640,3231,SAHSA                         ,2024-08-07 07:05:07.198
X,1008660,3233,CAPITOL AIR                   ,2024-08-07 07:05:07.198
X,1008680,3234,CARIBBEAN AIRLINES            ,2024-08-07 07:05:07.198
X,1008700,3235,BROCKWAY AIR                  ,2024-08-07 07:05:07.198
X,1008720,3238,BEMIDJI AVIATION              ,2024-08-07 07:05:07.198
X,1008740,3239,BAR HARBOR AIRLINES           ,2024-08-07 07:05:07.198
X,1008760,3240,BAHAMASAIR                    ,2024-08-07 07:05:07.198
X,1008780,3241,AVIATECA (GUATEMALA)          ,2024-08-07 07:05:07.198
X,1008800,3242,AVENSA                        ,2024-08-07 07:05:07.198
X,1008820,3243,AUSTRIAN AIR SERVICE          ,2024-08-07 07:05:07.198
X,1008840,3251,ALOHA AIRLINES                ,2024-08-07 07:05:07.198
X,1008860,3252,ALM                           ,2024-08-07 07:05:07.198
X,1008880,3253,AMERICANWEST                  ,2024-08-07 07:05:07.198
X,1008900,3254,US AIR SUTTLE                 ,2024-08-07 07:05:07.198
X,1008920,3256,ALASKA AIRLINES               ,2024-08-07 07:05:07.198
X,1008940,3259,ATA AIR                       ,2024-08-07 07:05:07.198
X,1008960,3266,AIR SEYCHELLES                ,2024-08-07 07:05:07.198
X,1008980,3267,AIR PANAMA                    ,2024-08-07 07:05:07.198
X,1009000,3280,AIR JAMAICA                   ,2024-08-07 07:05:07.198
X,1009020,3282,AIR DJIBOUTI                  ,2024-08-07 07:05:07.198
X,1009040,3284,AERO VIRGIN ISLANDS           ,2024-08-07 07:05:07.198
X,1009060,3285,AEROPERU                      ,2024-08-07 07:05:07.198
X,1009080,3286,AERO NICARAGUENSIS            ,2024-08-07 07:05:07.198
X,1009100,3287,AERO COACH AVIATION           ,2024-08-07 07:05:07.198
X,1009120,3292,CYPRUS AIRWAYS                ,2024-08-07 07:05:07.198
X,1009140,3293,ECUATORIANA                   ,2024-08-07 07:05:07.198
X,1009160,3294,ETHIOPIAN AIRLINES            ,2024-08-07 07:05:07.198
X,1009180,3295,KENYA AIRWAYS                 ,2024-08-07 07:05:07.198
X,1009200,3298,AIR MAURITUS   AIRMA          ,2024-08-07 07:05:07.198
A,1009220,3351,AFFILIATED AUTO RENT          ,2024-08-07 07:05:07.198
A,1009240,3352,AMERICAN INTERNATION          ,2024-08-07 07:05:07.198
A,1009260,3353,BROOKS RENT A CAR             ,2024-08-07 07:05:07.198
A,1009280,3354,ACTION AUTO RENTAL            ,2024-08-07 07:05:07.198
A,1009300,3357,HERTZ RENT-A-CAR              ,2024-08-07 07:05:07.198
A,1009320,3359,PAYLESS CAR RENTAL            ,2024-08-07 07:05:07.198
A,1009340,3360,SNAPPY CAR RENTAL             ,2024-08-07 07:05:07.198
A,1009360,3361,AIRWAYS RENT-A-CAR            ,2024-08-07 07:05:07.198
A,1009380,3362,ALTRA AUTO RENTAL             ,2024-08-07 07:05:07.198
A,1009400,3364,AGENCY RENT-A-CAR             ,2024-08-07 07:05:07.198
A,1009420,3366,BUDGET RENT-A-CAR             ,2024-08-07 07:05:07.198
A,1009440,3368,HOLIDAY RENT-A-CAR            ,2024-08-07 07:05:07.198
A,1009460,3370,RENT A WRECK                  ,2024-08-07 07:05:07.198
A,1009480,3376,AJAX RENT-A-CAR               ,2024-08-07 07:05:07.198
A,1009500,3381,EUROP CAR                     ,2024-08-07 07:05:07.198
A,1009520,3385,TROPICAL RENT-A-CAR           ,2024-08-07 07:05:07.198
A,1009540,3386,SHOWCASE RENTAL CARS          ,2024-08-07 07:05:07.198
A,1009560,3387,ALAMO RENT-A-CAR              ,2024-08-07 07:05:07.198
A,1009580,3389,AVIS RENT-A-CAR               ,2024-08-07 07:05:07.198
A,1009600,3390,DOLLAR RENT-A-CAR             ,2024-08-07 07:05:07.198
A,1009620,3391,EUROPE BY CAR                 ,2024-08-07 07:05:07.198
A,1009640,3394,KEMWELL GROUP RENT-A          ,2024-08-07 07:05:07.198
A,1009660,3395,THRIFTY CAR RENTAL            ,2024-08-07 07:05:07.198
A,1009680,3396,TILDEN RENT-A-CAR             ,2024-08-07 07:05:07.198
A,1009700,3398,ECONO CAR RENT-A-CAR          ,2024-08-07 07:05:07.198
A,1009720,3400,AUTO HOST CAR RENTAL          ,2024-08-07 07:05:07.198
A,1009740,3409,GENERAL RENT-A-CAR            ,2024-08-07 07:05:07.198
A,1009760,3412,A1 RENT-A-CAR                 ,2024-08-07 07:05:07.198
A,1009780,3414,GODFREY NATIONAL REN          ,2024-08-07 07:05:07.198
A,1009800,3420,ANSA INTERNATIONAL            ,2024-08-07 07:05:07.198
A,1009820,3421,ALLSTATE RENT-A-CAR           ,2024-08-07 07:05:07.198
A,1009840,3423,AVCAR RENT-A-CAR              ,2024-08-07 07:05:07.198
A,1009860,3425,AUTOMATE RENT-A-CAR           ,2024-08-07 07:05:07.198
A,1009880,3427,AVON RENT-A-CAR               ,2024-08-07 07:05:07.198
A,1009900,3428,CAREY RENT-A-CAR              ,2024-08-07 07:05:07.198
A,1009920,3429,INSURANCE RENT-A-CAR          ,2024-08-07 07:05:07.198
A,1009940,3430,MAJOR RENT-A-CAR              ,2024-08-07 07:05:07.198
A,1009960,3431,REPLACEMENT RENT-A-C          ,2024-08-07 07:05:07.198
A,1009980,3432,RESERVE RENT-A-CAR            ,2024-08-07 07:05:07.198
A,1010000,3433,UGLY DUCKLING RENT-A          ,2024-08-07 07:05:07.198
A,1010020,3434,USA RENT-A-CAR                ,2024-08-07 07:05:07.198
A,1010040,3435,VALUE RENT-A-CAR              ,2024-08-07 07:05:07.198
A,1010060,3436,AUTOHANSA RENT-A-CAR          ,2024-08-07 07:05:07.198
A,1010080,3437,CITE RENT-A-CAR               ,2024-08-07 07:05:07.198
A,1010100,3438,INTERENT RENT-A-CAR           ,2024-08-07 07:05:07.198
A,1010120,3439,MILEVILLE RENT-A-CAR          ,2024-08-07 07:05:07.198
H,1010140,3502,BEST WESTERN INT`L            ,2024-08-07 07:05:07.198
H,1010160,3504,HILTON HOTELS                 ,2024-08-07 07:05:07.198
H,1010180,3506,GOLDEN TULIP                  ,2024-08-07 07:05:07.198
H,1010200,3507,FRIENDSHIP INNS INT`          ,2024-08-07 07:05:07.198
H,1010220,3508,QUALITY INT`L                 ,2024-08-07 07:05:07.198
H,1010240,3510,DAYS INNS COL RES             ,2024-08-07 07:05:07.198
H,1010260,3511,ARABELLA HOTELS               ,2024-08-07 07:05:07.198
H,1010280,3512,INTERCONTINENTAL              ,2024-08-07 07:05:07.198
H,1010300,3513,WESTIN                        ,2024-08-07 07:05:07.198
H,1010320,3515,RODEWAY INNS INT`L            ,2024-08-07 07:05:07.198
H,1010340,3516,LA QUINTA MOTOR INNS          ,2024-08-07 07:05:07.198
H,1010360,3517,AMERICANA HTLS CORP.          ,2024-08-07 07:05:07.198
H,1010380,3518,SOL HOTELS                    ,2024-08-07 07:05:07.198
H,1010400,3519,PULLMAN INTER.HOTELS          ,2024-08-07 07:05:07.198
H,1010420,3522,TOKYO GROUP                   ,2024-08-07 07:05:07.198
H,1010440,3523,PENINSULA HOTELS              ,2024-08-07 07:05:07.198
H,1010460,3524,WELCOM GROUP HOTELS           ,2024-08-07 07:05:07.198
H,1010480,3525,DUNFEY HOTELS                 ,2024-08-07 07:05:07.198
H,1010500,3526,PRINCE HOTELS                 ,2024-08-07 07:05:07.198
H,1010520,3527,DOWNTOWNER-PASSPORT           ,2024-08-07 07:05:07.198
H,1010540,3528,RED LION INNS                 ,2024-08-07 07:05:07.198
H,1010560,3529,CP(CANADIAN PACIFIC)          ,2024-08-07 07:05:07.198
H,1010580,3530,RENAISSANCE HOTEL             ,2024-08-07 07:05:07.198
H,1010600,3533,HOTEL IBIS                    ,2024-08-07 07:05:07.198
H,1010620,3534,SOUTHERN PACIFIC              ,2024-08-07 07:05:07.198
H,1010640,3535,HILTON INT`L                  ,2024-08-07 07:05:07.198
H,1010660,3536,AMFAC HOTELS                  ,2024-08-07 07:05:07.198
H,1010680,3537,ANA HOTELS                    ,2024-08-07 07:05:07.198
H,1010700,3538,CONCORDE HOTELS               ,2024-08-07 07:05:07.198
H,1010720,3540,IBEROTEL                      ,2024-08-07 07:05:07.198
H,1010740,3541,HOTEL OKURA                   ,2024-08-07 07:05:07.198
H,1010760,3544,CIGA HOTELS                   ,2024-08-07 07:05:07.198
H,1010780,3545,SHANGRI-LA INTERNATI          ,2024-08-07 07:05:07.198
H,1010800,3548,HOTELES MELIA                 ,2024-08-07 07:05:07.198
H,1010820,3549,AUBERGE DES GOUVERNE          ,2024-08-07 07:05:07.198
H,1010840,3550,REGAL 8 INNS                  ,2024-08-07 07:05:07.198
H,1010860,3552,COAST HOTEL                   ,2024-08-07 07:05:07.198
H,1010880,3558,JOLLY HOTELS                  ,2024-08-07 07:05:07.198
H,1010900,3562,COMFORT HOTELS INT`L          ,2024-08-07 07:05:07.198
H,1010920,3563,JOUNEY`S END HOTELS           ,2024-08-07 07:05:07.198
H,1010940,3565,RELAX INNS                    ,2024-08-07 07:05:07.198
H,1010960,3568,LADBROKE HOTELS               ,2024-08-07 07:05:07.198
H,1010980,3570,FORUM HOTELS                  ,2024-08-07 07:05:07.198
H,1011000,3572,MIYAKO HOTEL/KINTETS          ,2024-08-07 07:05:07.198
H,1011020,3573,SANDMAN HOTELS                ,2024-08-07 07:05:07.198
H,1011040,3574,VENTURE INN                   ,2024-08-07 07:05:07.198
H,1011060,3575,VAGABOND HOTELS               ,2024-08-07 07:05:07.198
H,1011080,3577,MANDARIN INT`L                ,2024-08-07 07:05:07.198
H,1011100,3579,HOTEL MERCURE                 ,2024-08-07 07:05:07.198
H,1011120,3581,DELTA HOTELS                  ,2024-08-07 07:05:07.198
H,1011140,3584,PRINCESS HOTELS INT`          ,2024-08-07 07:05:07.198
H,1011160,3585,HUNGAR HOTELS                 ,2024-08-07 07:05:07.198
H,1011180,3586,SOKOS HOTELS                  ,2024-08-07 07:05:07.198
H,1011200,3588,HELMSLEY HOTELS               ,2024-08-07 07:05:07.198
H,1011220,3590,FAIRMONT HOTELS CORP          ,2024-08-07 07:05:07.198
H,1011240,3591,SONESTA INT`L HOTELS          ,2024-08-07 07:05:07.198
H,1011260,3592,OMNI INTERNATIONAL            ,2024-08-07 07:05:07.198
H,1011280,3593,CUNARD HOTELS                 ,2024-08-07 07:05:07.198
H,1011300,3598,REGENT HOTELS                 ,2024-08-07 07:05:07.198
H,1011320,3599,PANNONIA HOTEL                ,2024-08-07 07:05:07.198
H,1011340,3603,NOAH`S HOTEL (MELBN)          ,2024-08-07 07:05:07.198
H,1011360,3615,TRAVELODGE MOTELS             ,2024-08-07 07:05:07.198
H,1011380,3622,MERLIN HOTEL (PERTH)          ,2024-08-07 07:05:07.198
H,1011400,3623,DORINT HOTELS                 ,2024-08-07 07:05:07.198
H,1011420,3625,HOTEL UNIVERSAL               ,2024-08-07 07:05:07.198
H,1011440,3629,DAN HOTELS                    ,2024-08-07 07:05:07.198
H,1011460,3633,RANK-HOTELS                   ,2024-08-07 07:05:07.198
H,1011480,3634,SWISS HOTELS                  ,2024-08-07 07:05:07.198
H,1011500,3635,RESO HOTELS                   ,2024-08-07 07:05:07.198
H,1011520,3636,SAROVA HOTELS                 ,2024-08-07 07:05:07.198
H,1011540,3638,HOWARD JONHSON                ,2024-08-07 07:05:07.198
H,1011560,3639,MOUNT CHARLOTTE THIS          ,2024-08-07 07:05:07.198
H,1011580,3641,SOFITEL HOTELS                ,2024-08-07 07:05:07.198
H,1011600,3642,NOVOTEL SIEH (ACCOR)          ,2024-08-07 07:05:07.198
H,1011620,3643,STEINBERGER HOTELS            ,2024-08-07 07:05:07.198
H,1011640,3644,ECONOLODGES                   ,2024-08-07 07:05:07.198
H,1011660,3645,QUEENS MOAT-HOTELS            ,2024-08-07 07:05:07.198
H,1011680,3646,SWALLOW HOTELS                ,2024-08-07 07:05:07.198
H,1011700,3647,GRUPO HOTELS HUSA SA          ,2024-08-07 07:05:07.198
H,1011720,3648,DE VERA HOTELS                ,2024-08-07 07:05:07.198
H,1011740,3649,RADISSON HOTELS               ,2024-08-07 07:05:07.198
H,1011760,3650,RED ROOF INNS                 ,2024-08-07 07:05:07.198
H,1011780,3651,IMPERIAL LONDON HOTE          ,2024-08-07 07:05:07.198
H,1011800,3652,EMBASSY HOTELS                ,2024-08-07 07:05:07.198
H,1011820,3653,PENTA HOTELS                  ,2024-08-07 07:05:07.198
H,1011840,3654,LOEWS HOTELS                  ,2024-08-07 07:05:07.198
H,1011860,3655,SCANDIC HOTELS                ,2024-08-07 07:05:07.198
H,1011880,3656,SARA HOTELS                   ,2024-08-07 07:05:07.198
H,1011900,3657,OBEROI HOTELS                 ,2024-08-07 07:05:07.198
H,1011920,3658,NEW OTANI HOTELS              ,2024-08-07 07:05:07.198
H,1011940,3659,TAJ HOTELS INT`L              ,2024-08-07 07:05:07.198
H,1011960,3660,KNIGHTS INN                   ,2024-08-07 07:05:07.198
H,1011980,3661,METROPOLE HOTELS              ,2024-08-07 07:05:07.198
H,1012000,3663,HOTELES EL PRESIDENT          ,2024-08-07 07:05:07.198
H,1012020,3664,FLAG INNS                     ,2024-08-07 07:05:07.198
H,1012040,3665,HAMPTON INNS                  ,2024-08-07 07:05:07.198
H,1012060,3666,STAKIS HOTELS                 ,2024-08-07 07:05:07.198
H,1012080,3668,MARITIM HOTELS                ,2024-08-07 07:05:07.198
H,1012100,3670,ARCADE HOTELS                 ,2024-08-07 07:05:07.198
H,1012120,3671,ARCTIA HOTELS                 ,2024-08-07 07:05:07.198
H,1012140,3672,CAMPANILE HOTELS              ,2024-08-07 07:05:07.198
H,1012160,3673,IBUSZ HOTELS                  ,2024-08-07 07:05:07.198
H,1012180,3674,RANTASIPI HOTELS              ,2024-08-07 07:05:07.198
H,1012200,3675,INTERHOTEL CEDOK              ,2024-08-07 07:05:07.198
H,1012220,3677,CLIMAT DE FRANCE HOT          ,2024-08-07 07:05:07.198
H,1012240,3678,CUMULUS HOTELS                ,2024-08-07 07:05:07.198
H,1012260,3680,HOTELS OTHAN                  ,2024-08-07 07:05:07.198
H,1012280,3681,ADAMS MARK HOTELS             ,2024-08-07 07:05:07.198
H,1012300,3683,BRADBURY HOTELS               ,2024-08-07 07:05:07.198
H,1012320,3684,BUDGET HOSTS INNS             ,2024-08-07 07:05:07.198
H,1012340,3685,BUDGETEL HOTELS               ,2024-08-07 07:05:07.198
H,1012360,3686,SUSSE CHALET                  ,2024-08-07 07:05:07.198
H,1012380,3687,CLARION HOTELS                ,2024-08-07 07:05:07.198
H,1012400,3688,COMPRI HOTELS                 ,2024-08-07 07:05:07.198
H,1012420,3689,CONSORT HOTELS                ,2024-08-07 07:05:07.198
H,1012440,3690,COURTYARD MARRIOTT            ,2024-08-07 07:05:07.198
H,1012460,3691,DILLIN INN                    ,2024-08-07 07:05:07.198
H,1012480,3692,DOUBLETREE HOTELS             ,2024-08-07 07:05:07.198
H,1012500,3693,DRURY INN                     ,2024-08-07 07:05:07.198
H,1012520,3694,ECONOMY INNS OF AMER          ,2024-08-07 07:05:07.198
H,1012540,3695,EMBASSY SUITES                ,2024-08-07 07:05:07.198
H,1012560,3696,EXCEL INN                     ,2024-08-07 07:05:07.198
H,1012580,3697,FAIRFIELD HOTELS              ,2024-08-07 07:05:07.198
H,1012600,3698,HARLEY HOTELS                 ,2024-08-07 07:05:07.198
H,1012620,3699,MIDWAY MOTOR LODGE            ,2024-08-07 07:05:07.198
H,1012640,3700,MOTEL 6                       ,2024-08-07 07:05:07.198
H,1012660,3701,LA MANSION DEL RIO            ,2024-08-07 07:05:07.198
H,1012680,3702,REGISTRY HOTELS               ,2024-08-07 07:05:07.198
H,1012700,3703,RESIDENCE INN                 ,2024-08-07 07:05:07.198
H,1012720,3704,ROYCE HOTELS                  ,2024-08-07 07:05:07.198
H,1012740,3705,SANDMAN INN                   ,2024-08-07 07:05:07.198
H,1012760,3706,SHILO INN                     ,2024-08-07 07:05:07.198
H,1012780,3707,SHONEY`S INN                  ,2024-08-07 07:05:07.198
H,1012800,3709,SUPER 8 MOTELS                ,2024-08-07 07:05:07.198
X,1012820,3710,THE RITZ-CARLTON              ,2024-08-07 07:05:07.198
H,1012840,3711,FLAG INNS (AUSTRALIA          ,2024-08-07 07:05:07.198
H,1012860,3713,QUALITY PACIFIC HOTE          ,2024-08-07 07:05:07.198
H,1012880,3714,FOUR SEASONS(AUSTRAL          ,2024-08-07 07:05:07.198
H,1012900,3715,FAIRFIELD INN                 ,2024-08-07 07:05:07.198
H,1012920,3716,CARLTON HOTELS                ,2024-08-07 07:05:07.198
H,1012940,3717,CITY LODGE HOTELS             ,2024-08-07 07:05:07.198
H,1012960,3718,KAROS HOTLES                  ,2024-08-07 07:05:07.198
H,1012980,3719,PROTEA HOTELS                 ,2024-08-07 07:05:07.198
H,1013000,3720,SOUTHERN SUN HOTELS           ,2024-08-07 07:05:07.198
H,1013020,3721,CONRAD HOTELS                 ,2024-08-07 07:05:07.198
H,1013040,3722,WYNDHAM                       ,2024-08-07 07:05:07.198
X,1013060,4011,RAILROADS - FREIGHT           ,2024-08-07 07:05:07.198
X,1013080,4111,"LOCAL,SUBURBAN COMMU          ",2024-08-07 07:05:07.198
R,1013100,4119,AMBULANCE SERVICE             ,2024-08-07 07:05:07.198
R,1013120,4121,TAXICABS/LIMOUSINES           ,2024-08-07 07:05:07.198
X,1013140,4131,"BUS LINES,INCL.CHART          ",2024-08-07 07:05:07.198
R,1013160,4225,PUBLIC WAREHOUSING            ,2024-08-07 07:05:07.198
H,1013180,4411,STEAMSHIP/CRUISE LIN          ,2024-08-07 07:05:07.198
R,1013200,4457,BOAT RENTALS AND LEA          ,2024-08-07 07:05:07.198
R,1013220,4468,"MARINAS,MARINE SERVI          ",2024-08-07 07:05:07.198
T,1013240,4784,"TOLLS,ROAD AND BRIDG          ",2024-08-07 07:05:07.198
T,1013260,4815,MONTHLY SUMMARY TELE          ,2024-08-07 07:05:07.198
R,1013280,4821,TELEGRAPH SERVICES W          ,2024-08-07 07:05:07.198
R,1013320,5231,"GLASS,PAINT,WALLPAPE          ",2024-08-07 07:05:07.198
R,1013340,5271,MOBILE HOME DEALERS           ,2024-08-07 07:05:07.198
R,1013360,5310,DISCOUNT STORES               ,2024-08-07 07:05:07.198
R,1013380,5399,MISCELLANEOUS GENERA          ,2024-08-07 07:05:07.198
R,1013400,5521,AUTOMOBILE & TRUCK D          ,2024-08-07 07:05:07.198
R,1013420,5531,AUTO & HOME SUPPLY S          ,2024-08-07 07:05:07.198
R,1013440,5532,AUTOMOTIVE TIRE STOR          ,2024-08-07 07:05:07.198
R,1013460,5533,"AUTOMOTIVE PARTS,ACC          ",2024-08-07 07:05:07.198
R,1013480,5542,AUTOMATED FUEL DISPE          ,2024-08-07 07:05:07.198
R,1013500,5551,BOAT DEALERS                  ,2024-08-07 07:05:07.198
R,1013520,5561,RECREATIONAL AND UTI          ,2024-08-07 07:05:07.198
R,1013540,5571,MOTORCYCLE DEALERS            ,2024-08-07 07:05:07.198
R,1013560,5592,MOTOR HOME DEALERS            ,2024-08-07 07:05:07.198
R,1013580,5598,SNOWMOBILE DEALERS            ,2024-08-07 07:05:07.198
R,1013600,5691,MEN`S AND LADIES`S C          ,2024-08-07 07:05:07.198
R,1013620,5698,WIG & TOUPEE SHOPS            ,2024-08-07 07:05:07.198
R,1013640,5713,"FLOOR COVERING,RUGS,          ",2024-08-07 07:05:07.198
R,1013660,5714,DRAPERY & UPHOLSTERY          ,2024-08-07 07:05:07.198
R,1013680,5718,"FIREPLACE,FIREPLACE           ",2024-08-07 07:05:07.198
R,1013700,5735,RECORD SHOPS                  ,2024-08-07 07:05:07.198
R,1013720,5931,USED MERCHANDISE STO          ,2024-08-07 07:05:07.198
R,1013740,5932,ANTIQUE SHOPS                 ,2024-08-07 07:05:07.198
R,1013760,5935,WRECKING & SALVAGE Y          ,2024-08-07 07:05:07.198
R,1013780,5937,ANTIQUE REPRODUCTION          ,2024-08-07 07:05:07.198
R,1013800,5940,BICYCLE SHOPS-SALES           ,2024-08-07 07:05:07.198
R,1013820,5946,CAMERA AND PHOTOGRAP          ,2024-08-07 07:05:07.198
R,1013840,5950,GLASSWARE AND CRYSTA          ,2024-08-07 07:05:07.198
R,1013880,5963,DIRECT SELLING ESTAB          ,2024-08-07 07:05:07.198
T,1013900,5964,CATALOG MERCHANTS             ,2024-08-07 07:05:07.198
T,1013920,5966,OUTBOUND TELEMARKETI          ,2024-08-07 07:05:07.198
T,1013940,5967,INBOUND TELESERVICES          ,2024-08-07 07:05:07.198
R,1013960,5970,ARTISTS SUPPLY STORE          ,2024-08-07 07:05:07.198
R,1013980,5973,RELIGIOUS GOODS STOR          ,2024-08-07 07:05:07.198
R,1014000,6028,UNICORPORATED PRIVAT          ,2024-08-07 07:05:07.198
R,1014020,6381,"INSURANCE-PREMIUMS,           ",2024-08-07 07:05:07.198
R,1014040,6399,INSURANCE-NOT ELSEWH          ,2024-08-07 07:05:07.198
R,1014060,7251,SHOE REPAIR SHOPS             ,2024-08-07 07:05:07.198
R,1014080,7273,DATING & ESCORT SERV          ,2024-08-07 07:05:07.198
R,1014100,7276,TAX PREPARATION SERV          ,2024-08-07 07:05:07.198
R,1014120,7277,COUNSELING SERVICE -          ,2024-08-07 07:05:07.198
R,1014140,7296,CLOTHING RENTAL - CO          ,2024-08-07 07:05:07.198
R,1014160,7297,MASSAGE PARLORS               ,2024-08-07 07:05:07.198
R,1014180,7321,CONSUMER CREDIT REPO          ,2024-08-07 07:05:07.198
R,1014200,7332,BLUEPRINTING & PHOTO          ,2024-08-07 07:05:07.198
R,1014220,7333,COMMERCIAL PHOTOGRAP          ,2024-08-07 07:05:07.198
R,1014240,7339,STENOGRAPHIC SERVICE          ,2024-08-07 07:05:07.198
R,1014260,7342,DISINFECTING & EXTER          ,2024-08-07 07:05:07.198
R,1014280,7361,EMPLOYMENT AGENCIES           ,2024-08-07 07:05:07.198
R,1014300,7372,COMPUTER AND DATA PR          ,2024-08-07 07:05:07.198
R,1014320,7393,DETECTIVE AGENCIES            ,2024-08-07 07:05:07.198
R,1014340,7394,EQUIPMENT RENTAL & L          ,2024-08-07 07:05:07.198
R,1014360,7395,PHOTOFINISHING LABOR          ,2024-08-07 07:05:07.198
U,1014380,7511,TRUCK STOP TRANSACTI          ,2024-08-07 07:05:07.198
A,1014400,7513,TRUCK & UTILITY TRAN          ,2024-08-07 07:05:07.198
A,1014420,7519,MOTOR HOME & RECREAT          ,2024-08-07 07:05:07.198
R,1014440,7523,AUTOMOBILE PARKING L          ,2024-08-07 07:05:07.198
R,1014460,7531,AUTOMOTIVE TOP & BOD          ,2024-08-07 07:05:07.198
R,1014480,7534,TIRE RETREADING & RE          ,2024-08-07 07:05:07.198
R,1014500,7535,AUTOMOTIVE PAINT SHO          ,2024-08-07 07:05:07.198
R,1014520,7538,AUTOMOTIVE SERVICE S          ,2024-08-07 07:05:07.198
R,1014540,7622,"RADIO,TELEVISION & S          ",2024-08-07 07:05:07.198
R,1014560,7623,AIR CONDITIONING & R          ,2024-08-07 07:05:07.198
R,1014580,7629,ELECTRICAL & SMALL A          ,2024-08-07 07:05:07.198
R,1014600,7631,"WATCH, CLOCK & JEWEL          ",2024-08-07 07:05:07.198
R,1014620,7641,REUPHOLSTERY & FURNI          ,2024-08-07 07:05:07.198
R,1014640,7692,WELDING                       ,2024-08-07 07:05:07.198
R,1014660,7699,MISCELLANEOUS REPAIR          ,2024-08-07 07:05:07.198
R,1014680,7832,MOTION PICTURE THEAT          ,2024-08-07 07:05:07.198
R,1014700,7922,THEATRICAL PRODUCERS          ,2024-08-07 07:05:07.198
R,1014720,7933,BOWLING ALLEYS                ,2024-08-07 07:05:07.198
R,1014740,7941,COMMERCIAL SPORTS             ,2024-08-07 07:05:07.198
R,1014760,7991,TOURIST ATTR. AND EX          ,2024-08-07 07:05:07.198
R,1014780,7992,GOLF COURSES - PUBLI          ,2024-08-07 07:05:07.198
R,1014800,8041,CHIROPRACTORS                 ,2024-08-07 07:05:07.198
R,1014820,8042,"OPTOMETRISTS,OPTHAMA          ",2024-08-07 07:05:07.198
O,1014840,8050,NURSING AND PERSONAL          ,2024-08-07 07:05:07.198
R,1014860,8249,VOCATIONAL & TRADE S          ,2024-08-07 07:05:07.198
R,1014880,8351,CHILD DAY CARE SERVI          ,2024-08-07 07:05:07.198
R,1014900,8641,"CIVIC,SOCIAL & FRATE          ",2024-08-07 07:05:07.198
R,1014920,8651,POLITICAL ORGANIZATI          ,2024-08-07 07:05:07.198
R,1014940,8661,RELIGIOUS ORGANIZATI          ,2024-08-07 07:05:07.198
R,1014960,8675,AUTOMOBILE ASSOCIATI          ,2024-08-07 07:05:07.198
R,1014980,8911,"ENGINEERING,ARCHITEC          ",2024-08-07 07:05:07.198
R,1015000,8931,"ACCOUNTING,AUDITING           ",2024-08-07 07:05:07.198
R,1015020,9211,COURT COSTS                   ,2024-08-07 07:05:07.198
R,1015040,9222,FINES                         ,2024-08-07 07:05:07.198
R,1015060,9223,BAIL & BOND PAYMENTS          ,2024-08-07 07:05:07.198
R,1015080,9401,FOOD STAMPS                   ,2024-08-07 07:05:07.198
R,1015100,9751,UK SUPERMARKETS ELEC          ,2024-08-07 07:05:07.198
R,1015120,9752,UK PETROL STNS. ELEC          ,2024-08-07 07:05:07.198
T,1015140,2741,MISC-PUBLISHING/PRIN          ,2024-08-07 07:05:07.198
T,1015160,2791,TYPESETTING/PLATE RE          ,2024-08-07 07:05:07.198
X,1015180,3083,AIRAFRIQUE                    ,2024-08-07 07:05:07.198
X,1015200,3084,EVA AIR                       ,2024-08-07 07:05:07.198
X,1015220,3085,MIDWEST EXP                   ,2024-08-07 07:05:07.198
X,1015240,3086,CARNIVALAIR                   ,2024-08-07 07:05:07.198
X,1015260,3088,CROATIA AIR                   ,2024-08-07 07:05:07.198
R,1015300,763,AGRICULTURAL COOPERATIVE,2024-08-07 07:05:07.198
R,1015320,780,LANDSCAPE AND HORTIC          ,2024-08-07 07:05:07.198
R,1015340,1520,GEN CONT RESIDENTIAL          ,2024-08-07 07:05:07.198
R,1015360,1731,ELECTRICAL CONTRACTO          ,2024-08-07 07:05:07.198
R,1015380,1740,"MASONRY,STONEWORK,TI          ",2024-08-07 07:05:07.198
R,1015400,1750,CARPENTERING                  ,2024-08-07 07:05:07.198
R,1015420,1761,"ROOFING,SIDING,SHEET          ",2024-08-07 07:05:07.198
R,1015440,1771,CONTRACTORS - CONCRE          ,2024-08-07 07:05:07.198
X,1015460,3000,UNITED AIRLINES               ,2024-08-07 07:05:07.198
X,1015480,3001,AMERICAN AIRLINES             ,2024-08-07 07:05:07.198
X,1015500,3002,PAN AMERICAN                  ,2024-08-07 07:05:07.198
X,1015520,3004,DRAGONAIR                     ,2024-08-07 07:05:07.198
X,1015540,3005,BRITISH AIRWAYS               ,2024-08-07 07:05:07.198
X,1015560,3006,JAPAN AIR LINES               ,2024-08-07 07:05:07.198
X,1015580,3007,AIR FRANCE                    ,2024-08-07 07:05:07.198
X,1015600,3008,LUFTHANSA                     ,2024-08-07 07:05:07.198
X,1015620,3009,AIR CANADA                    ,2024-08-07 07:05:07.198
X,1015640,3010,KLM                           ,2024-08-07 07:05:07.198
X,1015660,3011,AEROFLOT                      ,2024-08-07 07:05:07.198
X,1015680,3012,QANTAS                        ,2024-08-07 07:05:07.198
X,1015700,3013,ALITALIA                      ,2024-08-07 07:05:07.198
X,1015720,3016,SAS                           ,2024-08-07 07:05:07.198
X,1015740,3017,SOUTH AFRICAN AIRWAY          ,2024-08-07 07:05:07.198
X,1015760,3018,VARIG (BRAZIL)                ,2024-08-07 07:05:07.198
X,1015780,3020,AIR-INDIA                     ,2024-08-07 07:05:07.198
X,1015800,3021,AIR ALGERIE AIRALGER          ,2024-08-07 07:05:07.198
X,1015820,3022,PAL AIR                       ,2024-08-07 07:05:07.198
X,1015840,3023,MEXICANA                      ,2024-08-07 07:05:07.198
X,1015860,3024,PAKISTAN INT`L                ,2024-08-07 07:05:07.198
X,1015880,3025,AIR NEW ZEALAND               ,2024-08-07 07:05:07.198
X,1015900,3027,UTA/INTERAIR                  ,2024-08-07 07:05:07.198
X,1015920,3028,AIR MALTA                     ,2024-08-07 07:05:07.198
X,1015940,3029,SN BRUSSELS AIRLINES          ,2024-08-07 07:05:07.198
X,1015960,3030,AEROLINEAS ARGENTINA          ,2024-08-07 07:05:07.198
X,1015980,3031,OLYMPIC AIRWAYS               ,2024-08-07 07:05:07.198
X,1016000,3032,EL AL                         ,2024-08-07 07:05:07.198
X,1016020,3033,ANSETT AIRLINES               ,2024-08-07 07:05:07.198
X,1016040,3034,TAA (AUSTRALIA)               ,2024-08-07 07:05:07.198
X,1016060,3035,TAP (PORTUGAL)                ,2024-08-07 07:05:07.198
X,1016080,3036,VASP (BRAZIL)                 ,2024-08-07 07:05:07.198
X,1016100,3037,EGYPTAIR                      ,2024-08-07 07:05:07.198
X,1016120,3038,KUWAIT AIRWAYS                ,2024-08-07 07:05:07.198
X,1016140,3039,AVIANCA                       ,2024-08-07 07:05:07.198
X,1016160,3040,GULF AIR (BAHRAIN)            ,2024-08-07 07:05:07.198
X,1016180,3041,BALKAN - BULGARIAN A          ,2024-08-07 07:05:07.198
X,1016200,3042,FINNAIR                       ,2024-08-07 07:05:07.198
X,1016220,3043,AER LINGUS                    ,2024-08-07 07:05:07.198
X,1016240,3045,NIGERIA AIRWAYS               ,2024-08-07 07:05:07.198
X,1016260,3046,CRUZEIRO DO SUL (BRA          ,2024-08-07 07:05:07.198
X,1016280,3047,THY (TURKEY)                  ,2024-08-07 07:05:07.198
X,1016300,3048,ROYAL AIR MAROC               ,2024-08-07 07:05:07.198
X,1016320,3049,TUNIS AIR                     ,2024-08-07 07:05:07.198
X,1016340,3050,ICELANDAIR                    ,2024-08-07 07:05:07.198
X,1016360,3051,AUSTRIAN AIRLINES             ,2024-08-07 07:05:07.198
X,1016380,3052,LAN AIR                       ,2024-08-07 07:05:07.198
X,1016400,3053,AVIACO (SPAIN)                ,2024-08-07 07:05:07.198
X,1016420,3054,LADECO (CHILE)                ,2024-08-07 07:05:07.198
X,1016440,3055,LAB (BOLIVIA)                 ,2024-08-07 07:05:07.198
X,1016460,3056,QUEBECAIRE                    ,2024-08-07 07:05:07.198
X,1016480,3057,EAST/WEST AIR. (AUST          ,2024-08-07 07:05:07.198
X,1016500,3058,DELTA                         ,2024-08-07 07:05:07.198
X,1016520,3060,NWA AIR                       ,2024-08-07 07:05:07.198
X,1016540,3061,CONTINENTAL                   ,2024-08-07 07:05:07.198
X,1016560,3063,U.S. AIRWAYS                  ,2024-08-07 07:05:07.198
X,1016580,3065,AIR INTER                     ,2024-08-07 07:05:07.198
X,1016600,3066,SOUTHWEST                     ,2024-08-07 07:05:07.198
X,1016620,3071,AIR BRITISH COLUMBIA          ,2024-08-07 07:05:07.198
X,1016640,3075,SINGAPORE AIRLINES            ,2024-08-07 07:05:07.198
X,1016660,3076,AEROMEXICO                    ,2024-08-07 07:05:07.198
X,1016680,3077,THAI AIRWAYS                  ,2024-08-07 07:05:07.198
X,1016700,3078,CHINA AIRLINES                ,2024-08-07 07:05:07.198
X,1016720,3081,NORDAIR                       ,2024-08-07 07:05:07.198
X,1016740,3082,KOREAN AIRLINES               ,2024-08-07 07:05:07.198
X,1016760,3087,METRO AIRLINES                ,2024-08-07 07:05:07.198
X,1016780,3092,MIDWAY AIRLINES               ,2024-08-07 07:05:07.198
X,1016800,3094,ZAMBIA AIRWAYS                ,2024-08-07 07:05:07.198
X,1016820,3095,WARDAIR (CANADA)              ,2024-08-07 07:05:07.198
X,1016840,3096,AIR ZIMBABWE                  ,2024-08-07 07:05:07.198
X,1016860,3099,CATHAY PACIFIC                ,2024-08-07 07:05:07.198
X,1016880,3100,MALAYSIAN AIR SYS.            ,2024-08-07 07:05:07.198
X,1016900,3102,IBERIA                        ,2024-08-07 07:05:07.198
X,1016920,3103,GARUDA (INDONESIA)            ,2024-08-07 07:05:07.198
X,1016940,3106,BRAATHENS S.A.F.E(NO          ,2024-08-07 07:05:07.198
X,1016960,3110,WINGS AIRWAYS                 ,2024-08-07 07:05:07.198
X,1016980,3112,WINDWARD ISLAND               ,2024-08-07 07:05:07.198
X,1017000,3117,VIASA                         ,2024-08-07 07:05:07.198
X,1017020,3118,VALLEY AIRLINES               ,2024-08-07 07:05:07.198
X,1017040,3125,TAN SAHSA                     ,2024-08-07 07:05:07.198
X,1017060,3126,TALAIR                        ,2024-08-07 07:05:07.198
X,1017080,3127,TACA INT`L                    ,2024-08-07 07:05:07.198
X,1017100,3129,SURINAM AIRWAYS               ,2024-08-07 07:05:07.198
X,1017120,3130,SUN WORLD INT`L               ,2024-08-07 07:05:07.198
X,1017140,3133,SUNBELT AIRLINES              ,2024-08-07 07:05:07.198
X,1017160,3135,SUDAN AIRWAYS                 ,2024-08-07 07:05:07.198
X,1017180,3137,SINGLETON                     ,2024-08-07 07:05:07.198
X,1017200,3138,SIMMONS AIRLINES              ,2024-08-07 07:05:07.198
X,1017220,3143,SCENIC AIRLINES               ,2024-08-07 07:05:07.198
X,1017240,3144,VIRGIN ATLANTIC VI            ,2024-08-07 07:05:07.198
X,1017260,3145,SAN JUAN                      ,2024-08-07 07:05:07.198
X,1017280,3146,LUXAIR                        ,2024-08-07 07:05:07.198
X,1017300,3151,AIR ZAIRE AIRZAIRE            ,2024-08-07 07:05:07.198
X,1017320,3154,PRINCEVILLE                   ,2024-08-07 07:05:07.198
X,1017340,3159,PBA                           ,2024-08-07 07:05:07.198
X,1017360,3161,ALL NIPPON AIRWAYS            ,2024-08-07 07:05:07.198
X,1017380,3164,NORONTAIR                     ,2024-08-07 07:05:07.198
X,1017400,3165,NEW YORK HELICOPTER           ,2024-08-07 07:05:07.198
X,1017420,3170,MOUNT COOK                    ,2024-08-07 07:05:07.198
X,1017440,3171,CANADIAN AIRLINES CA          ,2024-08-07 07:05:07.198
X,1017460,3172,NATION AIR NATIONAL           ,2024-08-07 07:05:07.198
X,1017480,3176,METROFLIGHT AIRLINES          ,2024-08-07 07:05:07.198
X,1017500,3178,MESA AIR                      ,2024-08-07 07:05:07.198
X,1017520,3181,MALEV                         ,2024-08-07 07:05:07.198
X,1017540,3182,LOT (POLAND)                  ,2024-08-07 07:05:07.198
X,1017560,3184,LIAT                          ,2024-08-07 07:05:07.198
X,1017580,3185,LAV (VENEZUELA)               ,2024-08-07 07:05:07.198
O,1017600,9754,GAMBLING                      ,2024-08-07 07:05:07.198
O,1017620,3802,THE PALACE HOTEL              ,2024-08-07 07:05:07.198
O,1017640,3822,CROSSLAND                     ,2024-08-07 07:05:07.198
R,1017660,5976,ORTHOPEDIC GOODS - A          ,2024-08-07 07:05:07.198
R,1017680,5978,TYPEWRITER STORES -           ,2024-08-07 07:05:07.198
R,1017700,5983,FUEL DEALERS - FUEL           ,2024-08-07 07:05:07.198
R,1017720,5994,NEWS DEALERS AND NEW          ,2024-08-07 07:05:07.198
R,1017740,6022,FINAN. INST.(RCL INT          ,2024-08-07 07:05:07.198
R,1017760,6023,STATE BANKS (RCL INT          ,2024-08-07 07:05:07.198
R,1017780,6025,NAT. BANKS  (RCL INT          ,2024-08-07 07:05:07.198
R,1017800,6026,NAT. BANKS NON FEDER          ,2024-08-07 07:05:07.198
R,1017820,3800,HOMESTEAD SUITES              ,2024-08-07 07:05:07.198
O,1017840,2541,AUTOMATED FUEL DISPENSERS     ,2024-08-07 07:05:07.198
R,1017860,3808,LUXURY RESORTS                ,2024-08-07 07:05:07.198
R,1017880,3815,NICKELODEON SUITES            ,2024-08-07 07:05:07.198
X,1017900,3261,AIR CHINA                     ,2024-08-07 07:05:07.198
X,1017920,3262,"RENO AIR, INC.                ",2024-08-07 07:05:07.198
X,1017940,3263,AERO SERVICIO CARABO          ,2024-08-07 07:05:07.198
X,1017960,4112,PASSENGER RAILWAYSX           ,2024-08-07 07:05:07.198
T,1017980,5021,OFFICE AND COMMERCIA          ,2024-08-07 07:05:07.198
T,1018000,5044,OFFICE/PHOTOGR/CPY/M          ,2024-08-07 07:05:07.198
T,1018020,5046,COMMERCIAL EQUIPMENT          ,2024-08-07 07:05:07.198
T,1018040,5051,METAL SERVICE CENTRE          ,2024-08-07 07:05:07.198
T,1018060,5074,PLUMBING/HEATING EQU          ,2024-08-07 07:05:07.198
T,1018080,5085,INDUSTRIAL SUPPLIES           ,2024-08-07 07:05:07.198
T,1018100,5094,PRECIOUS STONES/META          ,2024-08-07 07:05:07.198
T,1018120,5099,DURABLE GOODS N-ELSE          ,2024-08-07 07:05:07.198
T,1018140,5111,STATIONERY/OFF-SUPP/          ,2024-08-07 07:05:07.198
T,1018160,5122,DRUGS/DRUG PROPRIAT/          ,2024-08-07 07:05:07.198
T,1018180,5131,PIECE GOODS/NATIONS           ,2024-08-07 07:05:07.198
T,1018200,5137,MEN/WOMEN/CHILD UNIF          ,2024-08-07 07:05:07.198
T,1018220,5139,COMMERCIAL FOOTWEAR           ,2024-08-07 07:05:07.198
T,1018240,5169,CHEMICALS/ALLIED PRO          ,2024-08-07 07:05:07.198
T,1018260,5172,PETROLEUM/PETROL PRO          ,2024-08-07 07:05:07.198
T,1018280,5199,NONDURABLE GOODS N-E          ,2024-08-07 07:05:07.198
R,1018300,5300,WHOLESALE CLUBS               ,2024-08-07 07:05:07.198
T,1018320,7829,MOTION PICTURE/VIDEO          ,2024-08-07 07:05:07.198
T,1018340,8734,TESTING LABS NON-MED          ,2024-08-07 07:05:07.198
H,1018360,3723,RICA HOTELS                   ,2024-08-07 07:05:07.198
X,1018380,4723,TOUR OPERATORS GERMA          ,2024-08-07 07:05:07.198
H,1018400,3514,AMERISUITES                   ,2024-08-07 07:05:07.198
H,1018420,3746,THE ELIOT HOTEL               ,2024-08-07 07:05:07.198
H,1018440,3757,CANYON RANCH                  ,2024-08-07 07:05:07.198
H,1018460,3758,KAHALA MANDARIN ORIE          ,2024-08-07 07:05:07.198
H,1018480,3759,ORCHID AT MAUNA LAI           ,2024-08-07 07:05:07.198
H,1018500,3760,HALEKULANI HOTEL/WAK          ,2024-08-07 07:05:07.198
A,1018520,3441,ADVANTAGE RENT A CAR          ,2024-08-07 07:05:07.198
X,1018540,3097,SPANAIR                       ,2024-08-07 07:05:07.198
X,1018560,3297,TAROM ROMANIA                 ,2024-08-07 07:05:07.198
X,1018580,3098,ASIANA AIRLINES               ,2024-08-07 07:05:07.198
H,1018600,3740,TOWNEPLACE SUITES             ,2024-08-07 07:05:07.198
T,1018620,4813,SPECIAL TELECOM               ,2024-08-07 07:05:07.198
T,1018640,9405,INTRA-GOV. PURCHASE           ,2024-08-07 07:05:07.198
H,1018660,3748,WELLESLEY INNS                ,2024-08-07 07:05:07.198
H,1018680,3749,BEVERLY HILLS HOTEL           ,2024-08-07 07:05:07.198
H,1018700,3750,CROWNE PLAZA HOTELS           ,2024-08-07 07:05:07.198
H,1018720,3751,HOMEWOOD  SUITES              ,2024-08-07 07:05:07.198
H,1018740,3752,PEABODY HOTELS                ,2024-08-07 07:05:07.198
H,1018760,3753,GREENBRIAR RESORTS            ,2024-08-07 07:05:07.198
H,1018780,3754,AMELIA ISLAND PLANTA          ,2024-08-07 07:05:07.198
H,1018800,3755,HOMESTEAD                     ,2024-08-07 07:05:07.198
H,1018820,3631,SLEEP INNS                    ,2024-08-07 07:05:07.198
H,1018840,3632,PHOENICIAN                    ,2024-08-07 07:05:07.198
X,1018860,3067,VANGUARD AIRLINES             ,2024-08-07 07:05:07.198
X,1018880,3064,ADRIA AIRWAYS                 ,2024-08-07 07:05:07.198
H,1018900,3747,CLUB CORP/CLUB RESOR          ,2024-08-07 07:05:07.198
X,1018920,3026,EMIRATES AIRLINES             ,2024-08-07 07:05:07.198
X,1018940,3044,AIR LANKA                     ,2024-08-07 07:05:07.198
X,1018960,3089,TRANSAERO                     ,2024-08-07 07:05:07.198
X,1018980,3299,WIDEROE`S FLYVESELSK          ,2024-08-07 07:05:07.198
H,1019000,3553,PARK INNS INTERNATIO          ,2024-08-07 07:05:07.198
H,1019020,3724,INTER NOR HOTELS              ,2024-08-07 07:05:07.198
H,1019040,3725,SEAPINES PLANTATION           ,2024-08-07 07:05:07.198
H,1019060,3726,RIO SUITES                    ,2024-08-07 07:05:07.198
H,1019080,3727,BROADMOOR HOTEL               ,2024-08-07 07:05:07.198
H,1019100,3728,BALLY`S HOTEL AND CA          ,2024-08-07 07:05:07.198
H,1019120,3729,JOHN ASCUAGA`S NUGGE          ,2024-08-07 07:05:07.198
H,1019140,3730,MGM GRAND HOTEL               ,2024-08-07 07:05:07.198
H,1019160,3731,HARRAH`S HOTELS AND           ,2024-08-07 07:05:07.198
H,1019180,3732,OPRYLAND HOTEL                ,2024-08-07 07:05:07.198
H,1019200,3734,HARVEY / BRISTOL HOT          ,2024-08-07 07:05:07.198
H,1019220,3735,MASTERS ECONOMY INNS          ,2024-08-07 07:05:07.198
H,1019240,3736,COLORADO BELLE / EDG          ,2024-08-07 07:05:07.198
H,1019260,3737,RIVIERA HOTEL AND CA          ,2024-08-07 07:05:07.198
H,1019280,3738,TROPICANA RESORT & C          ,2024-08-07 07:05:07.198
H,1019300,3739,WOODSIDE HOTELS & RE          ,2024-08-07 07:05:07.198
H,1019320,3741,MILLENNIUM HOTELS             ,2024-08-07 07:05:07.198
H,1019340,3742,CLUB MED                      ,2024-08-07 07:05:07.198
H,1019360,3743,BILTMORE HOTEL & SUI          ,2024-08-07 07:05:07.198
H,1019380,3744,CAREFREE RESORTS              ,2024-08-07 07:05:07.198
H,1019400,3745,ST. REGIS HOTEL               ,2024-08-07 07:05:07.198
R,1019420,9700,INTNTL AUTOMATED REF          ,2024-08-07 07:05:07.198
R,1019440,9701,VISA CREDENTIAL SERV          ,2024-08-07 07:05:07.198
R,1019460,9702,GCAS  EMERGENCY SERV          ,2024-08-07 07:05:07.198
R,1019480,9950,INTRA-COMPANY PURCHA          ,2024-08-07 07:05:07.198
H,1019500,3551,MIRAGE HOTEL AND CAS          ,2024-08-07 07:05:07.198
H,1019520,3555,TREASURE ISLAND HOTE          ,2024-08-07 07:05:07.198
H,1019540,3564,SAM`S TOWN HOTEL AND          ,2024-08-07 07:05:07.198
H,1019560,3582,CALIFORNIA HOTEL AND          ,2024-08-07 07:05:07.198
H,1019580,3620,BINION`S HORSESHOE C          ,2024-08-07 07:05:07.198
H,1019600,3624,LADY LUCK HOTEL AND           ,2024-08-07 07:05:07.198
H,1019620,3628,EXCALIBUR HOTEL AND           ,2024-08-07 07:05:07.198
H,1019640,3662,CIRCUS CIRCUS HOTEL           ,2024-08-07 07:05:07.198
H,1019660,3667,LUXOR HOTEL AND CASI          ,2024-08-07 07:05:07.198
H,1019680,3669,ELDORADO HOTEL AND C          ,2024-08-07 07:05:07.198
H,1019700,3676,MONTE CARLO HOTEL AN          ,2024-08-07 07:05:07.198
H,1019720,3679,SILVER LEGACY HOTEL           ,2024-08-07 07:05:07.198
H,1019740,3682,SAHARA HOTEL AND CAS          ,2024-08-07 07:05:07.198
H,1019760,3708,VIRGIN RIVER HOTEL A          ,2024-08-07 07:05:07.198
H,1019780,3712,BUFFALO BILL`S HOTEL          ,2024-08-07 07:05:07.198
H,1019800,3761,PRIMADONNA HOTEL AND          ,2024-08-07 07:05:07.198
H,1019820,3762,WHISKEY PETE`S HOTEL          ,2024-08-07 07:05:07.198
H,1019840,3768,SILVER STAR HOTEL AN          ,2024-08-07 07:05:07.198
X,1019860,3206,CHINA EASTERN AIRLIN          ,2024-08-07 07:05:07.198
H,1019880,3539,SUMMERFIELD SUITES H          ,2024-08-07 07:05:07.198
H,1019900,3546,SIERRA SUITES HOTELS          ,2024-08-07 07:05:07.198
H,1019920,3561,GOLDEN NUGGET                 ,2024-08-07 07:05:07.198
H,1019940,3763,CHATEAU ELAN WINERY           ,2024-08-07 07:05:07.198
H,1019960,3764,BEAU RIVAGE HOTEL AN          ,2024-08-07 07:05:07.198
H,1019980,3765,BELLAGIO                      ,2024-08-07 07:05:07.198
H,1020000,3766,FREMONT HOTEL AND CA          ,2024-08-07 07:05:07.198
H,1020020,3767,MAIN STREET HOTEL AN          ,2024-08-07 07:05:07.198
A,1020040,3380,TRIANGLE RENT A CAR           ,2024-08-07 07:05:07.198
H,1020060,3769,STRATOSPHERE HOTEL            ,2024-08-07 07:05:07.198
X,1020080,3090,UNI AIRWAYS                   ,2024-08-07 07:05:07.198
X,1020100,3115,TOWER AIR                     ,2024-08-07 07:05:07.198
H,1020120,3770,SPRING HILL SUITES            ,2024-08-07 07:05:07.198
H,1020140,3771,CAESAR HOTEL AND CAS          ,2024-08-07 07:05:07.198
U,1020160,6050,ELECTRONIC CASH WITH          ,2024-08-07 07:05:07.198
X,1020180,3132,FRONTIER AIRLINES             ,2024-08-07 07:05:07.198
X,1020200,3136,QATAR AIRWAYS                 ,2024-08-07 07:05:07.198
H,1020220,3772,NEMACOLIN WOODLANDS           ,2024-08-07 07:05:07.198
H,1020240,3773,VENETIAN RESORTHOTEL          ,2024-08-07 07:05:07.198
H,1020260,3774,NEW YORK HOTEL & CAS          ,2024-08-07 07:05:07.198
H,1020280,3775,SANDS RESORT                  ,2024-08-07 07:05:07.198
H,1020300,3776,NEVELE GRAND RESORT           ,2024-08-07 07:05:07.198
H,1020320,3777,MANDALAY BAY RESORT           ,2024-08-07 07:05:07.198
H,1020340,3780,DISNEY RESORTS                ,2024-08-07 07:05:07.198
U,1020360,6529,MEM. FINL. INST.RSVL          ,2024-08-07 07:05:07.198
U,1020380,6530,MERCHANT RSVL                 ,2024-08-07 07:05:07.198
X,1020400,3148,AIR LITTORAL                  ,2024-08-07 07:05:07.198
H,1020420,3781,PATRICIA GRAND RES H          ,2024-08-07 07:05:07.198
R,1020440,3156,GO FLY LTD.                   ,2024-08-07 07:05:07.198
R,1020460,3783,TOWN COUNTRY RESORT           ,2024-08-07 07:05:07.198
T,1020480,6531,PAYMENT SERVICE PROV          ,2024-08-07 07:05:07.198
P,1020500,6532,PAYMENT MEMFININST            ,2024-08-07 07:05:07.198
P,1020520,6533,PAYMENT PAYSERVPROV           ,2024-08-07 07:05:07.198
R,1020540,3374,ACCENT RENT-A-CAR             ,2024-08-07 07:05:07.198
R,1020560,3782,ROSEN HOTELS RESORTS          ,2024-08-07 07:05:07.198
H,1020580,3778,FOUR POINTS HOTELS            ,2024-08-07 07:05:07.198
H,1020600,3779,W HOTELS                      ,2024-08-07 07:05:07.198
X,1020620,3167,AEROCONTINENTE                ,2024-08-07 07:05:07.198
R,1020640,3784,FIRST HOSPITALITY H           ,2024-08-07 07:05:07.198
R,1020660,3785,OUTRIGGER H & RES             ,2024-08-07 07:05:07.198
R,1020680,3786,OHANA HOTELS HAWAII           ,2024-08-07 07:05:07.198
R,1020700,3787,CARIBE ROYALE RESORT          ,2024-08-07 07:05:07.198
R,1020720,3174,JETBLUE AIRWAYS               ,2024-08-07 07:05:07.198
H,1020740,3788,ALA MOANA HOTEL               ,2024-08-07 07:05:07.198
R,1020760,3791,STAYBRIDGE SUITES             ,2024-08-07 07:05:07.198
R,1020780,6513,REAL ESTATE AGENTS            ,2024-08-07 07:05:07.198
T,1020800,6535,VALUE PURCH-FIN INST          ,2024-08-07 07:05:07.198
R,1020820,3792,CLARIDGE CASINO HTL           ,2024-08-07 07:05:07.198
R,1020840,3793,FLAMINGO HOTELS               ,2024-08-07 07:05:07.198
R,1020860,3794,GRAND CASINO HOTELS           ,2024-08-07 07:05:07.198
R,1020880,3795,PARIS LAS VEGAS HTL           ,2024-08-07 07:05:07.198
R,1020900,3177,AIRTAN AIRWAYS                ,2024-08-07 07:05:07.198
R,1020920,3789,SMUGGLERS NOTCH RSRT          ,2024-08-07 07:05:07.198
A,1020940,3388,MERCHANTS RENT-A-CAR          ,2024-08-07 07:05:07.198
R,1020960,3790,RAFFLES HOTEL                 ,2024-08-07 07:05:07.198
X,1020980,3183,OMAN AVIATION SERVIC          ,2024-08-07 07:05:07.198
X,1021000,3188,VIRGIN EXPRESS                ,2024-08-07 07:05:07.198
X,1021020,3211,NORWEGIAN AIR SHUTTL          ,2024-08-07 07:05:07.198
H,1021040,3521,ROYAL LAHAINA RESORT          ,2024-08-07 07:05:07.198
H,1021060,3796,PEPPERMILL HOTEL CAS          ,2024-08-07 07:05:07.198
H,1021080,3797,ATLANTIC CITY HILTON          ,2024-08-07 07:05:07.198
H,1021100,3798,EMBASSY VACATION RES          ,2024-08-07 07:05:07.198
H,1021120,3799,HALE KOA HOTEL                ,2024-08-07 07:05:07.198
X,1021140,3180,WESTJETAIR                    ,2024-08-07 07:05:07.198
H,1021160,3531,KAUAI COCONUT RESORT          ,2024-08-07 07:05:07.198
H,1021180,3532,ROYAL KONA RESORT             ,2024-08-07 07:05:07.198
H,1021200,3554,PINEHURST RESORT              ,2024-08-07 07:05:07.198
H,1021220,3556,BARTON CREEK RESORT           ,2024-08-07 07:05:07.198
R,1021240,3567,SOHO GRAND HOTEL              ,2024-08-07 07:05:07.198
R,1021260,3569,TRIBECA GRAND HOTEL           ,2024-08-07 07:05:07.198
R,1021280,3557,MANHATTAN EAST HOTEL          ,2024-08-07 07:05:07.198
R,1021300,3566,GARDEN PLACE HOTEL            ,2024-08-07 07:05:07.198
R,1021320,3571,GRAND WAILEA RESORT           ,2024-08-07 07:05:07.198
R,1021340,3576,LA QUINTA RESORT              ,2024-08-07 07:05:07.198
R,1021360,3578,FRANKENMUTH BAVARIAN          ,2024-08-07 07:05:07.198
R,1021380,3580,HOTEL DEL CORONADO            ,2024-08-07 07:05:07.198
R,1021400,3589,DORAL GOLF RESORT             ,2024-08-07 07:05:07.198
R,1021420,3594,ARIZONA BILTMORE              ,2024-08-07 07:05:07.198
R,1021440,3596,WYNN LAS VEGAS                ,2024-08-07 07:05:07.198
R,1021460,3597,RIVERSIDE RESORT              ,2024-08-07 07:05:07.198
R,1021480,3213,MALMO AIR                     ,2024-08-07 07:05:07.198
R,1021500,3226,SKYWAYS AIR                   ,2024-08-07 07:05:07.198
R,1021520,3236,AIR ARABIA                    ,2024-08-07 07:05:07.198
R,1021540,3245,EASYJET AIR                   ,2024-08-07 07:05:07.198
R,1021560,3246,RYANAIR                       ,2024-08-07 07:05:07.198
R,1021580,3247,GOL AIRLINES                  ,2024-08-07 07:05:07.198
R,1021600,3248,TAM AIRLINES                  ,2024-08-07 07:05:07.198
R,1021620,3260,SPIRIT AIR                    ,2024-08-07 07:05:07.198
R,1021640,3355,SIXT CAR RENTAL               ,2024-08-07 07:05:07.198
U,1021660,6534,MONEY TRANSFER INST.          ,2024-08-07 07:05:07.198
R,1021680,3003,EUROFLY AIRLINES              ,2024-08-07 07:05:07.198
R,1021700,3559,CANDLEWOOD SUITES             ,2024-08-07 07:05:07.198
R,1021720,3610,GAYLORD TEXAN                 ,2024-08-07 07:05:07.198
R,1021740,3611,C MON INN                     ,2024-08-07 07:05:07.198
R,1021760,3616,HERMITAGE HOTEL               ,2024-08-07 07:05:07.198
R,1021780,3602,HUDSON HOTEL                  ,2024-08-07 07:05:07.198
R,1021800,3604,HILTON GARDEN INN             ,2024-08-07 07:05:07.198
R,1021820,3607,FONTAINEBLEAU RESORT          ,2024-08-07 07:05:07.198
R,1021840,3296,AIR BERLIN                    ,2024-08-07 07:05:07.198
R,1021860,3614,AMERICINN                     ,2024-08-07 07:05:07.198
R,1021880,3617,AMERICABESTVALUEINN           ,2024-08-07 07:05:07.198
R,1021900,3618,GREAT WOLF                    ,2024-08-07 07:05:07.198
R,1021920,3801,"WILDERNESS HTL, GOLF          ",2024-08-07 07:05:07.198
R,1021940,3621,EXTENDED STAY                 ,2024-08-07 07:05:07.198
R,1021960,3803,"WIGWAM GLF,RSRT, SPA          ",2024-08-07 07:05:07.198
R,1021980,3804,DIPLOMAT CLUB SPA             ,2024-08-07 07:05:07.198
R,1022000,3805,THE ATLANTIC                  ,2024-08-07 07:05:07.198
R,1022020,3806,PRINCEVILLE RESORT            ,2024-08-07 07:05:07.198
R,1022040,3807,ELEMENT                       ,2024-08-07 07:05:07.198
R,1022060,3809,SETTLE INN                    ,2024-08-07 07:05:07.198
R,1022080,3810,H LA COSTA RESORT             ,2024-08-07 07:05:07.198
R,1022100,3811,H PREMIER TRAVEL INN          ,2024-08-07 07:05:07.198
R,1022120,3547,BREAKERS RESORT               ,2024-08-07 07:05:07.198
R,1022140,3812,HYATT PLACE                   ,2024-08-07 07:05:07.198
R,1022160,3813,HOTEL INDIGO                  ,2024-08-07 07:05:07.198
R,1022180,3814,THE ROOSEVELT HOTEL NY        ,2024-08-07 07:05:07.198
R,1022200,6536,MONEYSEND INTRACOUNTRY        ,2024-08-07 07:05:07.198
R,1022220,9999,ALL                           ,2024-08-07 07:05:07.198
R,1022240,6537,MONEYSEND INTERCOUNTRY        ,2024-08-07 07:05:07.198
X,1022260,3733,BOCA RATON RESORT             ,2024-08-07 07:05:07.198
X,1022280,3756,SOUTH SEAR RESORT             ,2024-08-07 07:05:07.198
X,1022300,3818,MANSTAY SUITES                ,2024-08-07 07:05:07.198
R,1022580,7890,MOBILZAIN,2024-08-07 07:05:07.198
U,1022600,7801,INTERNET GAMBLING (U.S),2024-08-07 07:05:07.198
U,1022620,7802,HORSE & DOG RACING (U.S),2024-08-07 07:05:07.198
